"離婚人數","國籍別總計","外國籍","本國籍","大陸港澳"
"106年/ 區域別總計 / 計","108,824","4,706","98,024","6,094"
"106年/ 區域別總計 / 男","54,412","779","53,273","360"
"106年/ 區域別總計 / 女","54,412","3,927","44,751","5,734"
"106年/ 新北市 / 計","19,898","843","17,842","1,213"
"106年/ 新北市 / 男","9,949","162","9,694","93"
"106年/ 新北市 / 女","9,949","681","8,148","1,120"
"106年/ 臺北市 / 計","11,000","400","9,892","708"
"106年/ 臺北市 / 男","5,500","173","5,266","61"
"106年/ 臺北市 / 女","5,500","227","4,626","647"
"106年/ 桃園市 / 計","11,592","573","10,345","674"
"106年/ 桃園市 / 男","5,796","79","5,672","45"
"106年/ 桃園市 / 女","5,796","494","4,673","629"
"106年/ 臺中市 / 計","12,642","430","11,611","601"
"106年/ 臺中市 / 男","6,321","80","6,210","31"
"106年/ 臺中市 / 女","6,321","350","5,401","570"
"106年/ 臺南市 / 計","8,142","335","7,431","376"
"106年/ 臺南市 / 男","4,071","44","4,006","21"
"106年/ 臺南市 / 女","4,071","291","3,425","355"
"106年/ 高雄市 / 計","13,242","542","11,934","766"
"106年/ 高雄市 / 男","6,621","81","6,494","46"
"106年/ 高雄市 / 女","6,621","461","5,440","720"
"106年/ 宜蘭縣 / 計","2,066","91","1,880","95"
"106年/ 宜蘭縣 / 男","1,033","14","1,017","2"
"106年/ 宜蘭縣 / 女","1,033","77","863","93"
"106年/ 新竹縣 / 計","2,466","112","2,223","131"
"106年/ 新竹縣 / 男","1,233","11","1,217","5"
"106年/ 新竹縣 / 女","1,233","101","1,006","126"
"106年/ 苗栗縣 / 計","2,598","150","2,294","154"
"106年/ 苗栗縣 / 男","1,299","10","1,287","2"
"106年/ 苗栗縣 / 女","1,299","140","1,007","152"
"106年/ 彰化縣 / 計","4,780","246","4,296","238"
"106年/ 彰化縣 / 男","2,390","22","2,361","7"
"106年/ 彰化縣 / 女","2,390","224","1,935","231"
"106年/ 南投縣 / 計","2,132","108","1,916","108"
"106年/ 南投縣 / 男","1,066","5","1,057","4"
"106年/ 南投縣 / 女","1,066","103","859","104"
"106年/ 雲林縣 / 計","2,790","158","2,452","180"
"106年/ 雲林縣 / 男","1,395","11","1,382","2"
"106年/ 雲林縣 / 女","1,395","147","1,070","178"
"106年/ 嘉義縣 / 計","2,164","153","1,875","136"
"106年/ 嘉義縣 / 男","1,082","4","1,075","3"
"106年/ 嘉義縣 / 女","1,082","149","800","133"
"106年/ 屏東縣 / 計","3,958","194","3,557","207"
"106年/ 屏東縣 / 男","1,979","22","1,946","11"
"106年/ 屏東縣 / 女","1,979","172","1,611","196"
"106年/ 臺東縣 / 計","1,130","56","1,027","47"
"106年/ 臺東縣 / 男","565","6","557","2"
"106年/ 臺東縣 / 女","565","50","470","45"
"106年/ 花蓮縣 / 計","1,914","74","1,765","75"
"106年/ 花蓮縣 / 男","957","13","937","7"
"106年/ 花蓮縣 / 女","957","61","828","68"
"106年/ 澎湖縣 / 計","572","28","530","14"
"106年/ 澎湖縣 / 男","286","6","280","-"
"106年/ 澎湖縣 / 女","286","22","250","14"
"106年/ 基隆市 / 計","2,052","84","1,825","143"
"106年/ 基隆市 / 男","1,026","12","1,006","8"
"106年/ 基隆市 / 女","1,026","72","819","135"
"106年/ 新竹市 / 計","1,850","69","1,687","94"
"106年/ 新竹市 / 男","925","12","909","4"
"106年/ 新竹市 / 女","925","57","778","90"
"106年/ 嘉義市 / 計","1,310","44","1,196","70"
"106年/ 嘉義市 / 男","655","11","641","3"
"106年/ 嘉義市 / 女","655","33","555","67"
"106年/ 金門縣 / 計","472","15","407","50"
"106年/ 金門縣 / 男","236","1","234","1"
"106年/ 金門縣 / 女","236","14","173","49"
"106年/ 連江縣 / 計","54","1","39","14"
"106年/ 連江縣 / 男","27","-","25","2"
"106年/ 連江縣 / 女","27","1","14","12"
"106年 1月/ 區域別總計 / 計","7,544","272","6,822","450"
"106年 1月/ 區域別總計 / 男","3,772","48","3,692","32"
"106年 1月/ 區域別總計 / 女","3,772","224","3,130","418"
"106年 1月/ 新北市 / 計","1,382","55","1,237","90"
"106年 1月/ 新北市 / 男","691","13","672","6"
"106年 1月/ 新北市 / 女","691","42","565","84"
"106年 1月/ 臺北市 / 計","796","30","708","58"
"106年 1月/ 臺北市 / 男","398","9","384","5"
"106年 1月/ 臺北市 / 女","398","21","324","53"
"106年 1月/ 桃園市 / 計","774","35","701","38"
"106年 1月/ 桃園市 / 男","387","8","377","2"
"106年 1月/ 桃園市 / 女","387","27","324","36"
"106年 1月/ 臺中市 / 計","874","21","816","37"
"106年 1月/ 臺中市 / 男","437","4","428","5"
"106年 1月/ 臺中市 / 女","437","17","388","32"
"106年 1月/ 臺南市 / 計","542","17","490","35"
"106年 1月/ 臺南市 / 男","271","3","264","4"
"106年 1月/ 臺南市 / 女","271","14","226","31"
"106年 1月/ 高雄市 / 計","950","29","867","54"
"106年 1月/ 高雄市 / 男","475","2","470","3"
"106年 1月/ 高雄市 / 女","475","27","397","51"
"106年 1月/ 宜蘭縣 / 計","178","5","166","7"
"106年 1月/ 宜蘭縣 / 男","89","1","88","-"
"106年 1月/ 宜蘭縣 / 女","89","4","78","7"
"106年 1月/ 新竹縣 / 計","172","3","160","9"
"106年 1月/ 新竹縣 / 男","86","-","86","-"
"106年 1月/ 新竹縣 / 女","86","3","74","9"
"106年 1月/ 苗栗縣 / 計","168","8","145","15"
"106年 1月/ 苗栗縣 / 男","84","-","84","-"
"106年 1月/ 苗栗縣 / 女","84","8","61","15"
"106年 1月/ 彰化縣 / 計","342","15","304","23"
"106年 1月/ 彰化縣 / 男","171","1","168","2"
"106年 1月/ 彰化縣 / 女","171","14","136","21"
"106年 1月/ 南投縣 / 計","120","10","103","7"
"106年 1月/ 南投縣 / 男","60","1","59","-"
"106年 1月/ 南投縣 / 女","60","9","44","7"
"106年 1月/ 雲林縣 / 計","230","7","207","16"
"106年 1月/ 雲林縣 / 男","115","-","115","-"
"106年 1月/ 雲林縣 / 女","115","7","92","16"
"106年 1月/ 嘉義縣 / 計","128","4","121","3"
"106年 1月/ 嘉義縣 / 男","64","-","63","1"
"106年 1月/ 嘉義縣 / 女","64","4","58","2"
"106年 1月/ 屏東縣 / 計","254","9","233","12"
"106年 1月/ 屏東縣 / 男","127","3","122","2"
"106年 1月/ 屏東縣 / 女","127","6","111","10"
"106年 1月/ 臺東縣 / 計","72","2","68","2"
"106年 1月/ 臺東縣 / 男","36","-","36","-"
"106年 1月/ 臺東縣 / 女","36","2","32","2"
"106年 1月/ 花蓮縣 / 計","142","3","132","7"
"106年 1月/ 花蓮縣 / 男","71","-","71","-"
"106年 1月/ 花蓮縣 / 女","71","3","61","7"
"106年 1月/ 澎湖縣 / 計","40","-","39","1"
"106年 1月/ 澎湖縣 / 男","20","-","20","-"
"106年 1月/ 澎湖縣 / 女","20","-","19","1"
"106年 1月/ 基隆市 / 計","166","10","139","17"
"106年 1月/ 基隆市 / 男","83","1","81","1"
"106年 1月/ 基隆市 / 女","83","9","58","16"
"106年 1月/ 新竹市 / 計","98","7","86","5"
"106年 1月/ 新竹市 / 男","49","2","47","-"
"106年 1月/ 新竹市 / 女","49","5","39","5"
"106年 1月/ 嘉義市 / 計","86","1","75","10"
"106年 1月/ 嘉義市 / 男","43","-","42","1"
"106年 1月/ 嘉義市 / 女","43","1","33","9"
"106年 1月/ 金門縣 / 計","26","1","23","2"
"106年 1月/ 金門縣 / 男","13","-","13","-"
"106年 1月/ 金門縣 / 女","13","1","10","2"
"106年 1月/ 連江縣 / 計","4","-","2","2"
"106年 1月/ 連江縣 / 男","2","-","2","-"
"106年 1月/ 連江縣 / 女","2","-","-","2"
"106年 2月/ 區域別總計 / 計","7,930","364","7,156","410"
"106年 2月/ 區域別總計 / 男","3,965","64","3,876","25"
"106年 2月/ 區域別總計 / 女","3,965","300","3,280","385"
"106年 2月/ 新北市 / 計","1,430","59","1,288","83"
"106年 2月/ 新北市 / 男","715","10","696","9"
"106年 2月/ 新北市 / 女","715","49","592","74"
"106年 2月/ 臺北市 / 計","842","32","769","41"
"106年 2月/ 臺北市 / 男","421","19","398","4"
"106年 2月/ 臺北市 / 女","421","13","371","37"
"106年 2月/ 桃園市 / 計","774","45","692","37"
"106年 2月/ 桃園市 / 男","387","7","377","3"
"106年 2月/ 桃園市 / 女","387","38","315","34"
"106年 2月/ 臺中市 / 計","860","30","797","33"
"106年 2月/ 臺中市 / 男","430","7","423","-"
"106年 2月/ 臺中市 / 女","430","23","374","33"
"106年 2月/ 臺南市 / 計","640","38","576","26"
"106年 2月/ 臺南市 / 男","320","3","317","-"
"106年 2月/ 臺南市 / 女","320","35","259","26"
"106年 2月/ 高雄市 / 計","1,068","42","963","63"
"106年 2月/ 高雄市 / 男","534","7","524","3"
"106年 2月/ 高雄市 / 女","534","35","439","60"
"106年 2月/ 宜蘭縣 / 計","144","7","132","5"
"106年 2月/ 宜蘭縣 / 男","72","1","71","-"
"106年 2月/ 宜蘭縣 / 女","72","6","61","5"
"106年 2月/ 新竹縣 / 計","176","10","154","12"
"106年 2月/ 新竹縣 / 男","88","3","85","-"
"106年 2月/ 新竹縣 / 女","88","7","69","12"
"106年 2月/ 苗栗縣 / 計","168","5","150","13"
"106年 2月/ 苗栗縣 / 男","84","-","84","-"
"106年 2月/ 苗栗縣 / 女","84","5","66","13"
"106年 2月/ 彰化縣 / 計","346","21","310","15"
"106年 2月/ 彰化縣 / 男","173","3","169","1"
"106年 2月/ 彰化縣 / 女","173","18","141","14"
"106年 2月/ 南投縣 / 計","172","7","158","7"
"106年 2月/ 南投縣 / 男","86","-","85","1"
"106年 2月/ 南投縣 / 女","86","7","73","6"
"106年 2月/ 雲林縣 / 計","174","8","154","12"
"106年 2月/ 雲林縣 / 男","87","-","87","-"
"106年 2月/ 雲林縣 / 女","87","8","67","12"
"106年 2月/ 嘉義縣 / 計","198","19","161","18"
"106年 2月/ 嘉義縣 / 男","99","-","99","-"
"106年 2月/ 嘉義縣 / 女","99","19","62","18"
"106年 2月/ 屏東縣 / 計","268","10","244","14"
"106年 2月/ 屏東縣 / 男","134","1","133","-"
"106年 2月/ 屏東縣 / 女","134","9","111","14"
"106年 2月/ 臺東縣 / 計","76","7","68","1"
"106年 2月/ 臺東縣 / 男","38","-","37","1"
"106年 2月/ 臺東縣 / 女","38","7","31","-"
"106年 2月/ 花蓮縣 / 計","154","7","144","3"
"106年 2月/ 花蓮縣 / 男","77","1","75","1"
"106年 2月/ 花蓮縣 / 女","77","6","69","2"
"106年 2月/ 澎湖縣 / 計","32","4","27","1"
"106年 2月/ 澎湖縣 / 男","16","1","15","-"
"106年 2月/ 澎湖縣 / 女","16","3","12","1"
"106年 2月/ 基隆市 / 計","120","3","110","7"
"106年 2月/ 基隆市 / 男","60","-","59","1"
"106年 2月/ 基隆市 / 女","60","3","51","6"
"106年 2月/ 新竹市 / 計","136","5","123","8"
"106年 2月/ 新竹市 / 男","68","1","67","-"
"106年 2月/ 新竹市 / 女","68","4","56","8"
"106年 2月/ 嘉義市 / 計","114","3","102","9"
"106年 2月/ 嘉義市 / 男","57","-","57","-"
"106年 2月/ 嘉義市 / 女","57","3","45","9"
"106年 2月/ 金門縣 / 計","38","2","34","2"
"106年 2月/ 金門縣 / 男","19","-","18","1"
"106年 2月/ 金門縣 / 女","19","2","16","1"
"106年 2月/ 連江縣 / 計","-","-","-","-"
"106年 2月/ 連江縣 / 男","-","-","-","-"
"106年 2月/ 連江縣 / 女","-","-","-","-"
"106年 3月/ 區域別總計 / 計","10,122","483","9,021","618"
"106年 3月/ 區域別總計 / 男","5,061","65","4,952","44"
"106年 3月/ 區域別總計 / 女","5,061","418","4,069","574"
"106年 3月/ 新北市 / 計","1,902","93","1,701","108"
"106年 3月/ 新北市 / 男","951","12","928","11"
"106年 3月/ 新北市 / 女","951","81","773","97"
"106年 3月/ 臺北市 / 計","970","39","849","82"
"106年 3月/ 臺北市 / 男","485","14","462","9"
"106年 3月/ 臺北市 / 女","485","25","387","73"
"106年 3月/ 桃園市 / 計","1,060","53","943","64"
"106年 3月/ 桃園市 / 男","530","5","520","5"
"106年 3月/ 桃園市 / 女","530","48","423","59"
"106年 3月/ 臺中市 / 計","1,114","38","1,015","61"
"106年 3月/ 臺中市 / 男","557","10","543","4"
"106年 3月/ 臺中市 / 女","557","28","472","57"
"106年 3月/ 臺南市 / 計","670","30","607","33"
"106年 3月/ 臺南市 / 男","335","2","331","2"
"106年 3月/ 臺南市 / 女","335","28","276","31"
"106年 3月/ 高雄市 / 計","1,334","64","1,185","85"
"106年 3月/ 高雄市 / 男","667","11","649","7"
"106年 3月/ 高雄市 / 女","667","53","536","78"
"106年 3月/ 宜蘭縣 / 計","194","6","171","17"
"106年 3月/ 宜蘭縣 / 男","97","1","95","1"
"106年 3月/ 宜蘭縣 / 女","97","5","76","16"
"106年 3月/ 新竹縣 / 計","238","13","216","9"
"106年 3月/ 新竹縣 / 男","119","-","119","-"
"106年 3月/ 新竹縣 / 女","119","13","97","9"
"106年 3月/ 苗栗縣 / 計","236","19","200","17"
"106年 3月/ 苗栗縣 / 男","118","1","117","-"
"106年 3月/ 苗栗縣 / 女","118","18","83","17"
"106年 3月/ 彰化縣 / 計","446","26","396","24"
"106年 3月/ 彰化縣 / 男","223","-","223","-"
"106年 3月/ 彰化縣 / 女","223","26","173","24"
"106年 3月/ 南投縣 / 計","202","14","179","9"
"106年 3月/ 南投縣 / 男","101","-","100","1"
"106年 3月/ 南投縣 / 女","101","14","79","8"
"106年 3月/ 雲林縣 / 計","296","19","260","17"
"106年 3月/ 雲林縣 / 男","148","2","146","-"
"106年 3月/ 雲林縣 / 女","148","17","114","17"
"106年 3月/ 嘉義縣 / 計","208","19","170","19"
"106年 3月/ 嘉義縣 / 男","104","-","104","-"
"106年 3月/ 嘉義縣 / 女","104","19","66","19"
"106年 3月/ 屏東縣 / 計","438","21","393","24"
"106年 3月/ 屏東縣 / 男","219","2","217","-"
"106年 3月/ 屏東縣 / 女","219","19","176","24"
"106年 3月/ 臺東縣 / 計","90","-","83","7"
"106年 3月/ 臺東縣 / 男","45","-","44","1"
"106年 3月/ 臺東縣 / 女","45","-","39","6"
"106年 3月/ 花蓮縣 / 計","150","7","137","6"
"106年 3月/ 花蓮縣 / 男","75","1","73","1"
"106年 3月/ 花蓮縣 / 女","75","6","64","5"
"106年 3月/ 澎湖縣 / 計","60","1","57","2"
"106年 3月/ 澎湖縣 / 男","30","-","30","-"
"106年 3月/ 澎湖縣 / 女","30","1","27","2"
"106年 3月/ 基隆市 / 計","188","9","170","9"
"106年 3月/ 基隆市 / 男","94","2","92","-"
"106年 3月/ 基隆市 / 女","94","7","78","9"
"106年 3月/ 新竹市 / 計","168","5","155","8"
"106年 3月/ 新竹市 / 男","84","-","83","1"
"106年 3月/ 新竹市 / 女","84","5","72","7"
"106年 3月/ 嘉義市 / 計","106","4","95","7"
"106年 3月/ 嘉義市 / 男","53","1","52","-"
"106年 3月/ 嘉義市 / 女","53","3","43","7"
"106年 3月/ 金門縣 / 計","46","3","36","7"
"106年 3月/ 金門縣 / 男","23","1","22","-"
"106年 3月/ 金門縣 / 女","23","2","14","7"
"106年 3月/ 連江縣 / 計","6","-","3","3"
"106年 3月/ 連江縣 / 男","3","-","2","1"
"106年 3月/ 連江縣 / 女","3","-","1","2"
"106年 4月/ 區域別總計 / 計","8,100","377","7,300","423"
"106年 4月/ 區域別總計 / 男","4,050","64","3,962","24"
"106年 4月/ 區域別總計 / 女","4,050","313","3,338","399"
"106年 4月/ 新北市 / 計","1,426","56","1,285","85"
"106年 4月/ 新北市 / 男","713","10","698","5"
"106年 4月/ 新北市 / 女","713","46","587","80"
"106年 4月/ 臺北市 / 計","786","25","709","52"
"106年 4月/ 臺北市 / 男","393","13","373","7"
"106年 4月/ 臺北市 / 女","393","12","336","45"
"106年 4月/ 桃園市 / 計","844","49","745","50"
"106年 4月/ 桃園市 / 男","422","3","416","3"
"106年 4月/ 桃園市 / 女","422","46","329","47"
"106年 4月/ 臺中市 / 計","954","37","874","43"
"106年 4月/ 臺中市 / 男","477","8","467","2"
"106年 4月/ 臺中市 / 女","477","29","407","41"
"106年 4月/ 臺南市 / 計","666","25","607","34"
"106年 4月/ 臺南市 / 男","333","5","327","1"
"106年 4月/ 臺南市 / 女","333","20","280","33"
"106年 4月/ 高雄市 / 計","938","48","839","51"
"106年 4月/ 高雄市 / 男","469","10","457","2"
"106年 4月/ 高雄市 / 女","469","38","382","49"
"106年 4月/ 宜蘭縣 / 計","162","10","148","4"
"106年 4月/ 宜蘭縣 / 男","81","1","80","-"
"106年 4月/ 宜蘭縣 / 女","81","9","68","4"
"106年 4月/ 新竹縣 / 計","198","12","176","10"
"106年 4月/ 新竹縣 / 男","99","2","97","-"
"106年 4月/ 新竹縣 / 女","99","10","79","10"
"106年 4月/ 苗栗縣 / 計","184","17","159","8"
"106年 4月/ 苗栗縣 / 男","92","2","90","-"
"106年 4月/ 苗栗縣 / 女","92","15","69","8"
"106年 4月/ 彰化縣 / 計","310","15","281","14"
"106年 4月/ 彰化縣 / 男","155","-","155","-"
"106年 4月/ 彰化縣 / 女","155","15","126","14"
"106年 4月/ 南投縣 / 計","204","9","187","8"
"106年 4月/ 南投縣 / 男","102","1","100","1"
"106年 4月/ 南投縣 / 女","102","8","87","7"
"106年 4月/ 雲林縣 / 計","210","10","189","11"
"106年 4月/ 雲林縣 / 男","105","1","104","-"
"106年 4月/ 雲林縣 / 女","105","9","85","11"
"106年 4月/ 嘉義縣 / 計","174","13","153","8"
"106年 4月/ 嘉義縣 / 男","87","1","85","1"
"106年 4月/ 嘉義縣 / 女","87","12","68","7"
"106年 4月/ 屏東縣 / 計","284","19","256","9"
"106年 4月/ 屏東縣 / 男","142","1","141","-"
"106年 4月/ 屏東縣 / 女","142","18","115","9"
"106年 4月/ 臺東縣 / 計","94","3","88","3"
"106年 4月/ 臺東縣 / 男","47","1","46","-"
"106年 4月/ 臺東縣 / 女","47","2","42","3"
"106年 4月/ 花蓮縣 / 計","154","8","139","7"
"106年 4月/ 花蓮縣 / 男","77","2","74","1"
"106年 4月/ 花蓮縣 / 女","77","6","65","6"
"106年 4月/ 澎湖縣 / 計","38","3","35","-"
"106年 4月/ 澎湖縣 / 男","19","-","19","-"
"106年 4月/ 澎湖縣 / 女","19","3","16","-"
"106年 4月/ 基隆市 / 計","170","7","154","9"
"106年 4月/ 基隆市 / 男","85","2","82","1"
"106年 4月/ 基隆市 / 女","85","5","72","8"
"106年 4月/ 新竹市 / 計","138","5","124","9"
"106年 4月/ 新竹市 / 男","69","1","68","-"
"106年 4月/ 新竹市 / 女","69","4","56","9"
"106年 4月/ 嘉義市 / 計","120","4","113","3"
"106年 4月/ 嘉義市 / 男","60","-","60","-"
"106年 4月/ 嘉義市 / 女","60","4","53","3"
"106年 4月/ 金門縣 / 計","44","2","37","5"
"106年 4月/ 金門縣 / 男","22","-","22","-"
"106年 4月/ 金門縣 / 女","22","2","15","5"
"106年 4月/ 連江縣 / 計","2","-","2","-"
"106年 4月/ 連江縣 / 男","1","-","1","-"
"106年 4月/ 連江縣 / 女","1","-","1","-"
"106年 5月/ 區域別總計 / 計","9,128","420","8,199","509"
"106年 5月/ 區域別總計 / 男","4,564","67","4,470","27"
"106年 5月/ 區域別總計 / 女","4,564","353","3,729","482"
"106年 5月/ 新北市 / 計","1,680","88","1,477","115"
"106年 5月/ 新北市 / 男","840","18","813","9"
"106年 5月/ 新北市 / 女","840","70","664","106"
"106年 5月/ 臺北市 / 計","850","25","779","46"
"106年 5月/ 臺北市 / 男","425","9","413","3"
"106年 5月/ 臺北市 / 女","425","16","366","43"
"106年 5月/ 桃園市 / 計","1,046","58","918","70"
"106年 5月/ 桃園市 / 男","523","7","514","2"
"106年 5月/ 桃園市 / 女","523","51","404","68"
"106年 5月/ 臺中市 / 計","1,026","35","952","39"
"106年 5月/ 臺中市 / 男","513","5","506","2"
"106年 5月/ 臺中市 / 女","513","30","446","37"
"106年 5月/ 臺南市 / 計","710","33","638","39"
"106年 5月/ 臺南市 / 男","355","5","347","3"
"106年 5月/ 臺南市 / 女","355","28","291","36"
"106年 5月/ 高雄市 / 計","1,056","40","964","52"
"106年 5月/ 高雄市 / 男","528","8","516","4"
"106年 5月/ 高雄市 / 女","528","32","448","48"
"106年 5月/ 宜蘭縣 / 計","178","5","167","6"
"106年 5月/ 宜蘭縣 / 男","89","2","87","-"
"106年 5月/ 宜蘭縣 / 女","89","3","80","6"
"106年 5月/ 新竹縣 / 計","214","13","187","14"
"106年 5月/ 新竹縣 / 男","107","1","106","-"
"106年 5月/ 新竹縣 / 女","107","12","81","14"
"106年 5月/ 苗栗縣 / 計","228","5","212","11"
"106年 5月/ 苗栗縣 / 男","114","-","113","1"
"106年 5月/ 苗栗縣 / 女","114","5","99","10"
"106年 5月/ 彰化縣 / 計","426","22","385","19"
"106年 5月/ 彰化縣 / 男","213","2","211","-"
"106年 5月/ 彰化縣 / 女","213","20","174","19"
"106年 5月/ 南投縣 / 計","178","10","159","9"
"106年 5月/ 南投縣 / 男","89","1","87","1"
"106年 5月/ 南投縣 / 女","89","9","72","8"
"106年 5月/ 雲林縣 / 計","232","20","191","21"
"106年 5月/ 雲林縣 / 男","116","1","115","-"
"106年 5月/ 雲林縣 / 女","116","19","76","21"
"106年 5月/ 嘉義縣 / 計","184","11","163","10"
"106年 5月/ 嘉義縣 / 男","92","-","92","-"
"106年 5月/ 嘉義縣 / 女","92","11","71","10"
"106年 5月/ 屏東縣 / 計","340","19","300","21"
"106年 5月/ 屏東縣 / 男","170","3","167","-"
"106年 5月/ 屏東縣 / 女","170","16","133","21"
"106年 5月/ 臺東縣 / 計","88","3","82","3"
"106年 5月/ 臺東縣 / 男","44","2","42","-"
"106年 5月/ 臺東縣 / 女","44","1","40","3"
"106年 5月/ 花蓮縣 / 計","146","6","138","2"
"106年 5月/ 花蓮縣 / 男","73","-","73","-"
"106年 5月/ 花蓮縣 / 女","73","6","65","2"
"106年 5月/ 澎湖縣 / 計","40","3","37","-"
"106年 5月/ 澎湖縣 / 男","20","-","20","-"
"106年 5月/ 澎湖縣 / 女","20","3","17","-"
"106年 5月/ 基隆市 / 計","194","11","171","12"
"106年 5月/ 基隆市 / 男","97","1","94","2"
"106年 5月/ 基隆市 / 女","97","10","77","10"
"106年 5月/ 新竹市 / 計","142","6","130","6"
"106年 5月/ 新竹市 / 男","71","1","70","-"
"106年 5月/ 新竹市 / 女","71","5","60","6"
"106年 5月/ 嘉義市 / 計","106","6","95","5"
"106年 5月/ 嘉義市 / 男","53","1","52","-"
"106年 5月/ 嘉義市 / 女","53","5","43","5"
"106年 5月/ 金門縣 / 計","52","1","46","5"
"106年 5月/ 金門縣 / 男","26","-","26","-"
"106年 5月/ 金門縣 / 女","26","1","20","5"
"106年 5月/ 連江縣 / 計","12","-","8","4"
"106年 5月/ 連江縣 / 男","6","-","6","-"
"106年 5月/ 連江縣 / 女","6","-","2","4"
"106年 6月/ 區域別總計 / 計","9,894","425","8,886","583"
"106年 6月/ 區域別總計 / 男","4,947","66","4,848","33"
"106年 6月/ 區域別總計 / 女","4,947","359","4,038","550"
"106年 6月/ 新北市 / 計","1,870","79","1,666","125"
"106年 6月/ 新北市 / 男","935","12","911","12"
"106年 6月/ 新北市 / 女","935","67","755","113"
"106年 6月/ 臺北市 / 計","1,032","43","922","67"
"106年 6月/ 臺北市 / 男","516","16","498","2"
"106年 6月/ 臺北市 / 女","516","27","424","65"
"106年 6月/ 桃園市 / 計","990","49","885","56"
"106年 6月/ 桃園市 / 男","495","13","480","2"
"106年 6月/ 桃園市 / 女","495","36","405","54"
"106年 6月/ 臺中市 / 計","1,134","37","1,036","61"
"106年 6月/ 臺中市 / 男","567","4","560","3"
"106年 6月/ 臺中市 / 女","567","33","476","58"
"106年 6月/ 臺南市 / 計","662","18","615","29"
"106年 6月/ 臺南市 / 男","331","3","324","4"
"106年 6月/ 臺南市 / 女","331","15","291","25"
"106年 6月/ 高雄市 / 計","1,216","51","1,095","70"
"106年 6月/ 高雄市 / 男","608","5","600","3"
"106年 6月/ 高雄市 / 女","608","46","495","67"
"106年 6月/ 宜蘭縣 / 計","230","15","201","14"
"106年 6月/ 宜蘭縣 / 男","115","2","112","1"
"106年 6月/ 宜蘭縣 / 女","115","13","89","13"
"106年 6月/ 新竹縣 / 計","232","10","211","11"
"106年 6月/ 新竹縣 / 男","116","-","114","2"
"106年 6月/ 新竹縣 / 女","116","10","97","9"
"106年 6月/ 苗栗縣 / 計","242","15","214","13"
"106年 6月/ 苗栗縣 / 男","121","-","121","-"
"106年 6月/ 苗栗縣 / 女","121","15","93","13"
"106年 6月/ 彰化縣 / 計","430","25","381","24"
"106年 6月/ 彰化縣 / 男","215","3","211","1"
"106年 6月/ 彰化縣 / 女","215","22","170","23"
"106年 6月/ 南投縣 / 計","204","18","173","13"
"106年 6月/ 南投縣 / 男","102","-","102","-"
"106年 6月/ 南投縣 / 女","102","18","71","13"
"106年 6月/ 雲林縣 / 計","266","15","233","18"
"106年 6月/ 雲林縣 / 男","133","2","131","-"
"106年 6月/ 雲林縣 / 女","133","13","102","18"
"106年 6月/ 嘉義縣 / 計","218","10","189","19"
"106年 6月/ 嘉義縣 / 男","109","2","107","-"
"106年 6月/ 嘉義縣 / 女","109","8","82","19"
"106年 6月/ 屏東縣 / 計","366","15","338","13"
"106年 6月/ 屏東縣 / 男","183","1","179","3"
"106年 6月/ 屏東縣 / 女","183","14","159","10"
"106年 6月/ 臺東縣 / 計","106","5","96","5"
"106年 6月/ 臺東縣 / 男","53","-","53","-"
"106年 6月/ 臺東縣 / 女","53","5","43","5"
"106年 6月/ 花蓮縣 / 計","146","8","127","11"
"106年 6月/ 花蓮縣 / 男","73","2","71","-"
"106年 6月/ 花蓮縣 / 女","73","6","56","11"
"106年 6月/ 澎湖縣 / 計","46","1","45","-"
"106年 6月/ 澎湖縣 / 男","23","-","23","-"
"106年 6月/ 澎湖縣 / 女","23","1","22","-"
"106年 6月/ 基隆市 / 計","178","4","159","15"
"106年 6月/ 基隆市 / 男","89","-","89","-"
"106年 6月/ 基隆市 / 女","89","4","70","15"
"106年 6月/ 新竹市 / 計","168","6","154","8"
"106年 6月/ 新竹市 / 男","84","-","84","-"
"106年 6月/ 新竹市 / 女","84","6","70","8"
"106年 6月/ 嘉義市 / 計","130","1","121","8"
"106年 6月/ 嘉義市 / 男","65","1","64","-"
"106年 6月/ 嘉義市 / 女","65","-","57","8"
"106年 6月/ 金門縣 / 計","26","-","23","3"
"106年 6月/ 金門縣 / 男","13","-","13","-"
"106年 6月/ 金門縣 / 女","13","-","10","3"
"106年 6月/ 連江縣 / 計","2","-","2","-"
"106年 6月/ 連江縣 / 男","1","-","1","-"
"106年 6月/ 連江縣 / 女","1","-","1","-"
"106年 7月/ 區域別總計 / 計","9,282","378","8,383","521"
"106年 7月/ 區域別總計 / 男","4,641","64","4,548","29"
"106年 7月/ 區域別總計 / 女","4,641","314","3,835","492"
"106年 7月/ 新北市 / 計","1,712","77","1,546","89"
"106年 7月/ 新北市 / 男","856","16","834","6"
"106年 7月/ 新北市 / 女","856","61","712","83"
"106年 7月/ 臺北市 / 計","924","35","834","55"
"106年 7月/ 臺北市 / 男","462","14","441","7"
"106年 7月/ 臺北市 / 女","462","21","393","48"
"106年 7月/ 桃園市 / 計","1,042","48","922","72"
"106年 7月/ 桃園市 / 男","521","5","509","7"
"106年 7月/ 桃園市 / 女","521","43","413","65"
"106年 7月/ 臺中市 / 計","1,100","38","1,001","61"
"106年 7月/ 臺中市 / 男","550","8","538","4"
"106年 7月/ 臺中市 / 女","550","30","463","57"
"106年 7月/ 臺南市 / 計","672","27","616","29"
"106年 7月/ 臺南市 / 男","336","4","332","-"
"106年 7月/ 臺南市 / 女","336","23","284","29"
"106年 7月/ 高雄市 / 計","1,114","36","1,015","63"
"106年 7月/ 高雄市 / 男","557","5","549","3"
"106年 7月/ 高雄市 / 女","557","31","466","60"
"106年 7月/ 宜蘭縣 / 計","134","6","121","7"
"106年 7月/ 宜蘭縣 / 男","67","-","67","-"
"106年 7月/ 宜蘭縣 / 女","67","6","54","7"
"106年 7月/ 新竹縣 / 計","238","12","212","14"
"106年 7月/ 新竹縣 / 男","119","2","116","1"
"106年 7月/ 新竹縣 / 女","119","10","96","13"
"106年 7月/ 苗栗縣 / 計","244","6","226","12"
"106年 7月/ 苗栗縣 / 男","122","-","122","-"
"106年 7月/ 苗栗縣 / 女","122","6","104","12"
"106年 7月/ 彰化縣 / 計","396","19","358","19"
"106年 7月/ 彰化縣 / 男","198","-","198","-"
"106年 7月/ 彰化縣 / 女","198","19","160","19"
"106年 7月/ 南投縣 / 計","166","3","155","8"
"106年 7月/ 南投縣 / 男","83","-","83","-"
"106年 7月/ 南投縣 / 女","83","3","72","8"
"106年 7月/ 雲林縣 / 計","246","8","219","19"
"106年 7月/ 雲林縣 / 男","123","1","122","-"
"106年 7月/ 雲林縣 / 女","123","7","97","19"
"106年 7月/ 嘉義縣 / 計","200","9","182","9"
"106年 7月/ 嘉義縣 / 男","100","-","100","-"
"106年 7月/ 嘉義縣 / 女","100","9","82","9"
"106年 7月/ 屏東縣 / 計","332","20","289","23"
"106年 7月/ 屏東縣 / 男","166","2","164","-"
"106年 7月/ 屏東縣 / 女","166","18","125","23"
"106年 7月/ 臺東縣 / 計","98","4","86","8"
"106年 7月/ 臺東縣 / 男","49","1","48","-"
"106年 7月/ 臺東縣 / 女","49","3","38","8"
"106年 7月/ 花蓮縣 / 計","164","5","153","6"
"106年 7月/ 花蓮縣 / 男","82","2","79","1"
"106年 7月/ 花蓮縣 / 女","82","3","74","5"
"106年 7月/ 澎湖縣 / 計","38","4","34","-"
"106年 7月/ 澎湖縣 / 男","19","1","18","-"
"106年 7月/ 澎湖縣 / 女","19","3","16","-"
"106年 7月/ 基隆市 / 計","158","12","131","15"
"106年 7月/ 基隆市 / 男","79","2","77","-"
"106年 7月/ 基隆市 / 女","79","10","54","15"
"106年 7月/ 新竹市 / 計","170","3","160","7"
"106年 7月/ 新竹市 / 男","85","-","85","-"
"106年 7月/ 新竹市 / 女","85","3","75","7"
"106年 7月/ 嘉義市 / 計","90","3","85","2"
"106年 7月/ 嘉義市 / 男","45","1","44","-"
"106年 7月/ 嘉義市 / 女","45","2","41","2"
"106年 7月/ 金門縣 / 計","44","3","38","3"
"106年 7月/ 金門縣 / 男","22","-","22","-"
"106年 7月/ 金門縣 / 女","22","3","16","3"
"106年 7月/ 連江縣 / 計","-","-","-","-"
"106年 7月/ 連江縣 / 男","-","-","-","-"
"106年 7月/ 連江縣 / 女","-","-","-","-"
"106年 8月/ 區域別總計 / 計","10,282","416","9,269","597"
"106年 8月/ 區域別總計 / 男","5,141","77","5,032","32"
"106年 8月/ 區域別總計 / 女","5,141","339","4,237","565"
"106年 8月/ 新北市 / 計","1,986","81","1,785","120"
"106年 8月/ 新北市 / 男","993","13","972","8"
"106年 8月/ 新北市 / 女","993","68","813","112"
"106年 8月/ 臺北市 / 計","1,048","39","933","76"
"106年 8月/ 臺北市 / 男","524","20","501","3"
"106年 8月/ 臺北市 / 女","524","19","432","73"
"106年 8月/ 桃園市 / 計","1,076","47","970","59"
"106年 8月/ 桃園市 / 男","538","8","528","2"
"106年 8月/ 桃園市 / 女","538","39","442","57"
"106年 8月/ 臺中市 / 計","1,230","44","1,123","63"
"106年 8月/ 臺中市 / 男","615","5","605","5"
"106年 8月/ 臺中市 / 女","615","39","518","58"
"106年 8月/ 臺南市 / 計","780","34","714","32"
"106年 8月/ 臺南市 / 男","390","7","382","1"
"106年 8月/ 臺南市 / 女","390","27","332","31"
"106年 8月/ 高雄市 / 計","1,214","55","1,088","71"
"106年 8月/ 高雄市 / 男","607","8","594","5"
"106年 8月/ 高雄市 / 女","607","47","494","66"
"106年 8月/ 宜蘭縣 / 計","198","8","180","10"
"106年 8月/ 宜蘭縣 / 男","99","2","97","-"
"106年 8月/ 宜蘭縣 / 女","99","6","83","10"
"106年 8月/ 新竹縣 / 計","206","6","186","14"
"106年 8月/ 新竹縣 / 男","103","1","102","-"
"106年 8月/ 新竹縣 / 女","103","5","84","14"
"106年 8月/ 苗栗縣 / 計","234","15","199","20"
"106年 8月/ 苗栗縣 / 男","117","2","115","-"
"106年 8月/ 苗栗縣 / 女","117","13","84","20"
"106年 8月/ 彰化縣 / 計","408","17","369","22"
"106年 8月/ 彰化縣 / 男","204","2","201","1"
"106年 8月/ 彰化縣 / 女","204","15","168","21"
"106年 8月/ 南投縣 / 計","184","8","165","11"
"106年 8月/ 南投縣 / 男","92","-","92","-"
"106年 8月/ 南投縣 / 女","92","8","73","11"
"106年 8月/ 雲林縣 / 計","258","11","234","13"
"106年 8月/ 雲林縣 / 男","129","-","128","1"
"106年 8月/ 雲林縣 / 女","129","11","106","12"
"106年 8月/ 嘉義縣 / 計","172","10","151","11"
"106年 8月/ 嘉義縣 / 男","86","-","85","1"
"106年 8月/ 嘉義縣 / 女","86","10","66","10"
"106年 8月/ 屏東縣 / 計","386","12","351","23"
"106年 8月/ 屏東縣 / 男","193","1","192","-"
"106年 8月/ 屏東縣 / 女","193","11","159","23"
"106年 8月/ 臺東縣 / 計","94","5","89","-"
"106年 8月/ 臺東縣 / 男","47","-","47","-"
"106年 8月/ 臺東縣 / 女","47","5","42","-"
"106年 8月/ 花蓮縣 / 計","188","7","171","10"
"106年 8月/ 花蓮縣 / 男","94","2","90","2"
"106年 8月/ 花蓮縣 / 女","94","5","81","8"
"106年 8月/ 澎湖縣 / 計","72","1","65","6"
"106年 8月/ 澎湖縣 / 男","36","-","36","-"
"106年 8月/ 澎湖縣 / 女","36","1","29","6"
"106年 8月/ 基隆市 / 計","192","5","171","16"
"106年 8月/ 基隆市 / 男","96","1","94","1"
"106年 8月/ 基隆市 / 女","96","4","77","15"
"106年 8月/ 新竹市 / 計","182","4","170","8"
"106年 8月/ 新竹市 / 男","91","2","88","1"
"106年 8月/ 新竹市 / 女","91","2","82","7"
"106年 8月/ 嘉義市 / 計","112","6","101","5"
"106年 8月/ 嘉義市 / 男","56","3","52","1"
"106年 8月/ 嘉義市 / 女","56","3","49","4"
"106年 8月/ 金門縣 / 計","56","1","49","6"
"106年 8月/ 金門縣 / 男","28","-","28","-"
"106年 8月/ 金門縣 / 女","28","1","21","6"
"106年 8月/ 連江縣 / 計","6","-","5","1"
"106年 8月/ 連江縣 / 男","3","-","3","-"
"106年 8月/ 連江縣 / 女","3","-","2","1"
"106年 9月/ 區域別總計 / 計","9,358","413","8,427","518"
"106年 9月/ 區域別總計 / 男","4,679","63","4,581","35"
"106年 9月/ 區域別總計 / 女","4,679","350","3,846","483"
"106年 9月/ 新北市 / 計","1,636","76","1,465","95"
"106年 9月/ 新北市 / 男","818","16","796","6"
"106年 9月/ 新北市 / 女","818","60","669","89"
"106年 9月/ 臺北市 / 計","922","24","839","59"
"106年 9月/ 臺北市 / 男","461","12","442","7"
"106年 9月/ 臺北市 / 女","461","12","397","52"
"106年 9月/ 桃園市 / 計","934","50","834","50"
"106年 9月/ 桃園市 / 男","467","7","456","4"
"106年 9月/ 桃園市 / 女","467","43","378","46"
"106年 9月/ 臺中市 / 計","1,080","46","976","58"
"106年 9月/ 臺中市 / 男","540","4","534","2"
"106年 9月/ 臺中市 / 女","540","42","442","56"
"106年 9月/ 臺南市 / 計","732","30","669","33"
"106年 9月/ 臺南市 / 男","366","5","359","2"
"106年 9月/ 臺南市 / 女","366","25","310","31"
"106年 9月/ 高雄市 / 計","1,196","46","1,072","78"
"106年 9月/ 高雄市 / 男","598","8","583","7"
"106年 9月/ 高雄市 / 女","598","38","489","71"
"106年 9月/ 宜蘭縣 / 計","166","7","154","5"
"106年 9月/ 宜蘭縣 / 男","83","1","82","-"
"106年 9月/ 宜蘭縣 / 女","83","6","72","5"
"106年 9月/ 新竹縣 / 計","204","9","192","3"
"106年 9月/ 新竹縣 / 男","102","1","100","1"
"106年 9月/ 新竹縣 / 女","102","8","92","2"
"106年 9月/ 苗栗縣 / 計","278","14","246","18"
"106年 9月/ 苗栗縣 / 男","139","-","138","1"
"106年 9月/ 苗栗縣 / 女","139","14","108","17"
"106年 9月/ 彰化縣 / 計","440","22","396","22"
"106年 9月/ 彰化縣 / 男","220","1","218","1"
"106年 9月/ 彰化縣 / 女","220","21","178","21"
"106年 9月/ 南投縣 / 計","162","7","147","8"
"106年 9月/ 南投縣 / 男","81","-","81","-"
"106年 9月/ 南投縣 / 女","81","7","66","8"
"106年 9月/ 雲林縣 / 計","204","16","176","12"
"106年 9月/ 雲林縣 / 男","102","2","99","1"
"106年 9月/ 雲林縣 / 女","102","14","77","11"
"106年 9月/ 嘉義縣 / 計","184","15","159","10"
"106年 9月/ 嘉義縣 / 男","92","-","92","-"
"106年 9月/ 嘉義縣 / 女","92","15","67","10"
"106年 9月/ 屏東縣 / 計","380","20","340","20"
"106年 9月/ 屏東縣 / 男","190","2","188","-"
"106年 9月/ 屏東縣 / 女","190","18","152","20"
"106年 9月/ 臺東縣 / 計","90","8","80","2"
"106年 9月/ 臺東縣 / 男","45","1","44","-"
"106年 9月/ 臺東縣 / 女","45","7","36","2"
"106年 9月/ 花蓮縣 / 計","186","5","173","8"
"106年 9月/ 花蓮縣 / 男","93","-","93","-"
"106年 9月/ 花蓮縣 / 女","93","5","80","8"
"106年 9月/ 澎湖縣 / 計","48","3","45","-"
"106年 9月/ 澎湖縣 / 男","24","1","23","-"
"106年 9月/ 澎湖縣 / 女","24","2","22","-"
"106年 9月/ 基隆市 / 計","192","4","173","15"
"106年 9月/ 基隆市 / 男","96","1","93","2"
"106年 9月/ 基隆市 / 女","96","3","80","13"
"106年 9月/ 新竹市 / 計","178","7","159","12"
"106年 9月/ 新竹市 / 男","89","-","88","1"
"106年 9月/ 新竹市 / 女","89","7","71","11"
"106年 9月/ 嘉義市 / 計","110","3","101","6"
"106年 9月/ 嘉義市 / 男","55","1","54","-"
"106年 9月/ 嘉義市 / 女","55","2","47","6"
"106年 9月/ 金門縣 / 計","26","-","23","3"
"106年 9月/ 金門縣 / 男","13","-","13","-"
"106年 9月/ 金門縣 / 女","13","-","10","3"
"106年 9月/ 連江縣 / 計","10","1","8","1"
"106年 9月/ 連江縣 / 男","5","-","5","-"
"106年 9月/ 連江縣 / 女","5","1","3","1"
"106年 10月/ 區域別總計 / 計","9,038","379","8,165","494"
"106年 10月/ 區域別總計 / 男","4,519","54","4,438","27"
"106年 10月/ 區域別總計 / 女","4,519","325","3,727","467"
"106年 10月/ 新北市 / 計","1,616","64","1,459","93"
"106年 10月/ 新北市 / 男","808","12","790","6"
"106年 10月/ 新北市 / 女","808","52","669","87"
"106年 10月/ 臺北市 / 計","894","31","802","61"
"106年 10月/ 臺北市 / 男","447","11","432","4"
"106年 10月/ 臺北市 / 女","447","20","370","57"
"106年 10月/ 桃園市 / 計","1,056","39","954","63"
"106年 10月/ 桃園市 / 男","528","5","518","5"
"106年 10月/ 桃園市 / 女","528","34","436","58"
"106年 10月/ 臺中市 / 計","1,078","36","994","48"
"106年 10月/ 臺中市 / 男","539","5","534","-"
"106年 10月/ 臺中市 / 女","539","31","460","48"
"106年 10月/ 臺南市 / 計","670","28","611","31"
"106年 10月/ 臺南市 / 男","335","1","332","2"
"106年 10月/ 臺南市 / 女","335","27","279","29"
"106年 10月/ 高雄市 / 計","1,024","44","919","61"
"106年 10月/ 高雄市 / 男","512","6","503","3"
"106年 10月/ 高雄市 / 女","512","38","416","58"
"106年 10月/ 宜蘭縣 / 計","156","9","138","9"
"106年 10月/ 宜蘭縣 / 男","78","2","76","-"
"106年 10月/ 宜蘭縣 / 女","78","7","62","9"
"106年 10月/ 新竹縣 / 計","194","6","176","12"
"106年 10月/ 新竹縣 / 男","97","-","96","1"
"106年 10月/ 新竹縣 / 女","97","6","80","11"
"106年 10月/ 苗栗縣 / 計","184","16","160","8"
"106年 10月/ 苗栗縣 / 男","92","2","90","-"
"106年 10月/ 苗栗縣 / 女","92","14","70","8"
"106年 10月/ 彰化縣 / 計","456","19","416","21"
"106年 10月/ 彰化縣 / 男","228","3","224","1"
"106年 10月/ 彰化縣 / 女","228","16","192","20"
"106年 10月/ 南投縣 / 計","190","9","172","9"
"106年 10月/ 南投縣 / 男","95","-","95","-"
"106年 10月/ 南投縣 / 女","95","9","77","9"
"106年 10月/ 雲林縣 / 計","212","11","186","15"
"106年 10月/ 雲林縣 / 男","106","-","106","-"
"106年 10月/ 雲林縣 / 女","106","11","80","15"
"106年 10月/ 嘉義縣 / 計","172","19","146","7"
"106年 10月/ 嘉義縣 / 男","86","-","86","-"
"106年 10月/ 嘉義縣 / 女","86","19","60","7"
"106年 10月/ 屏東縣 / 計","326","17","287","22"
"106年 10月/ 屏東縣 / 男","163","3","157","3"
"106年 10月/ 屏東縣 / 女","163","14","130","19"
"106年 10月/ 臺東縣 / 計","124","6","112","6"
"106年 10月/ 臺東縣 / 男","62","-","62","-"
"106年 10月/ 臺東縣 / 女","62","6","50","6"
"106年 10月/ 花蓮縣 / 計","166","6","156","4"
"106年 10月/ 花蓮縣 / 男","83","1","81","1"
"106年 10月/ 花蓮縣 / 女","83","5","75","3"
"106年 10月/ 澎湖縣 / 計","52","1","50","1"
"106年 10月/ 澎湖縣 / 男","26","-","26","-"
"106年 10月/ 澎湖縣 / 女","26","1","24","1"
"106年 10月/ 基隆市 / 計","160","4","149","7"
"106年 10月/ 基隆市 / 男","80","1","79","-"
"106年 10月/ 基隆市 / 女","80","3","70","7"
"106年 10月/ 新竹市 / 計","150","6","139","5"
"106年 10月/ 新竹市 / 男","75","1","74","-"
"106年 10月/ 新竹市 / 女","75","5","65","5"
"106年 10月/ 嘉義市 / 計","116","7","104","5"
"106年 10月/ 嘉義市 / 男","58","1","56","1"
"106年 10月/ 嘉義市 / 女","58","6","48","4"
"106年 10月/ 金門縣 / 計","34","1","28","5"
"106年 10月/ 金門縣 / 男","17","-","17","-"
"106年 10月/ 金門縣 / 女","17","1","11","5"
"106年 10月/ 連江縣 / 計","8","-","7","1"
"106年 10月/ 連江縣 / 男","4","-","4","-"
"106年 10月/ 連江縣 / 女","4","-","3","1"
"106年 11月/ 區域別總計 / 計","9,262","407","8,335","520"
"106年 11月/ 區域別總計 / 男","4,631","77","4,526","28"
"106年 11月/ 區域別總計 / 女","4,631","330","3,809","492"
"106年 11月/ 新北市 / 計","1,632","66","1,455","111"
"106年 11月/ 新北市 / 男","816","16","793","7"
"106年 11月/ 新北市 / 女","816","50","662","104"
"106年 11月/ 臺北市 / 計","970","38","880","52"
"106年 11月/ 臺北市 / 男","485","19","460","6"
"106年 11月/ 臺北市 / 女","485","19","420","46"
"106年 11月/ 桃園市 / 計","1,016","50","898","68"
"106年 11月/ 桃園市 / 男","508","6","494","8"
"106年 11月/ 桃園市 / 女","508","44","404","60"
"106年 11月/ 臺中市 / 計","1,136","40","1,050","46"
"106年 11月/ 臺中市 / 男","568","9","559","-"
"106年 11月/ 臺中市 / 女","568","31","491","46"
"106年 11月/ 臺南市 / 計","736","29","672","35"
"106年 11月/ 臺南市 / 男","368","3","364","1"
"106年 11月/ 臺南市 / 女","368","26","308","34"
"106年 11月/ 高雄市 / 計","1,044","45","938","61"
"106年 11月/ 高雄市 / 男","522","7","512","3"
"106年 11月/ 高雄市 / 女","522","38","426","58"
"106年 11月/ 宜蘭縣 / 計","190","8","175","7"
"106年 11月/ 宜蘭縣 / 男","95","1","94","-"
"106年 11月/ 宜蘭縣 / 女","95","7","81","7"
"106年 11月/ 新竹縣 / 計","208","11","185","12"
"106年 11月/ 新竹縣 / 男","104","1","103","-"
"106年 11月/ 新竹縣 / 女","104","10","82","12"
"106年 11月/ 苗栗縣 / 計","240","14","215","11"
"106年 11月/ 苗栗縣 / 男","120","2","118","-"
"106年 11月/ 苗栗縣 / 女","120","12","97","11"
"106年 11月/ 彰化縣 / 計","402","24","353","25"
"106年 11月/ 彰化縣 / 男","201","4","197","-"
"106年 11月/ 彰化縣 / 女","201","20","156","25"
"106年 11月/ 南投縣 / 計","158","4","144","10"
"106年 11月/ 南投縣 / 男","79","1","78","-"
"106年 11月/ 南投縣 / 女","79","3","66","10"
"106年 11月/ 雲林縣 / 計","236","13","206","17"
"106年 11月/ 雲林縣 / 男","118","-","118","-"
"106年 11月/ 雲林縣 / 女","118","13","88","17"
"106年 11月/ 嘉義縣 / 計","156","11","136","9"
"106年 11月/ 嘉義縣 / 男","78","-","78","-"
"106年 11月/ 嘉義縣 / 女","78","11","58","9"
"106年 11月/ 屏東縣 / 計","314","21","279","14"
"106年 11月/ 屏東縣 / 男","157","3","152","2"
"106年 11月/ 屏東縣 / 女","157","18","127","12"
"106年 11月/ 臺東縣 / 計","102","8","88","6"
"106年 11月/ 臺東縣 / 男","51","-","51","-"
"106年 11月/ 臺東縣 / 女","51","8","37","6"
"106年 11月/ 花蓮縣 / 計","166","5","156","5"
"106年 11月/ 花蓮縣 / 男","83","1","82","-"
"106年 11月/ 花蓮縣 / 女","83","4","74","5"
"106年 11月/ 澎湖縣 / 計","58","3","54","1"
"106年 11月/ 澎湖縣 / 男","29","-","29","-"
"106年 11月/ 澎湖縣 / 女","29","3","25","1"
"106年 11月/ 基隆市 / 計","180","9","161","10"
"106年 11月/ 基隆市 / 男","90","1","89","-"
"106年 11月/ 基隆市 / 女","90","8","72","10"
"106年 11月/ 新竹市 / 計","172","6","156","10"
"106年 11月/ 新竹市 / 男","86","2","83","1"
"106年 11月/ 新竹市 / 女","86","4","73","9"
"106年 11月/ 嘉義市 / 計","108","2","100","6"
"106年 11月/ 嘉義市 / 男","54","1","53","-"
"106年 11月/ 嘉義市 / 女","54","1","47","6"
"106年 11月/ 金門縣 / 計","36","-","32","4"
"106年 11月/ 金門縣 / 男","18","-","18","-"
"106年 11月/ 金門縣 / 女","18","-","14","4"
"106年 11月/ 連江縣 / 計","2","-","2","-"
"106年 11月/ 連江縣 / 男","1","-","1","-"
"106年 11月/ 連江縣 / 女","1","-","1","-"
"106年 12月/ 區域別總計 / 計","8,884","372","8,061","451"
"106年 12月/ 區域別總計 / 男","4,442","70","4,348","24"
"106年 12月/ 區域別總計 / 女","4,442","302","3,713","427"
"106年 12月/ 新北市 / 計","1,626","49","1,478","99"
"106年 12月/ 新北市 / 男","813","14","791","8"
"106年 12月/ 新北市 / 女","813","35","687","91"
"106年 12月/ 臺北市 / 計","966","39","868","59"
"106年 12月/ 臺北市 / 男","483","17","462","4"
"106年 12月/ 臺北市 / 女","483","22","406","55"
"106年 12月/ 桃園市 / 計","980","50","883","47"
"106年 12月/ 桃園市 / 男","490","5","483","2"
"106年 12月/ 桃園市 / 女","490","45","400","45"
"106年 12月/ 臺中市 / 計","1,056","28","977","51"
"106年 12月/ 臺中市 / 男","528","11","513","4"
"106年 12月/ 臺中市 / 女","528","17","464","47"
"106年 12月/ 臺南市 / 計","662","26","616","20"
"106年 12月/ 臺南市 / 男","331","3","327","1"
"106年 12月/ 臺南市 / 女","331","23","289","19"
"106年 12月/ 高雄市 / 計","1,088","42","989","57"
"106年 12月/ 高雄市 / 男","544","4","537","3"
"106年 12月/ 高雄市 / 女","544","38","452","54"
"106年 12月/ 宜蘭縣 / 計","136","5","127","4"
"106年 12月/ 宜蘭縣 / 男","68","-","68","-"
"106年 12月/ 宜蘭縣 / 女","68","5","59","4"
"106年 12月/ 新竹縣 / 計","186","7","168","11"
"106年 12月/ 新竹縣 / 男","93","-","93","-"
"106年 12月/ 新竹縣 / 女","93","7","75","11"
"106年 12月/ 苗栗縣 / 計","192","16","168","8"
"106年 12月/ 苗栗縣 / 男","96","1","95","-"
"106年 12月/ 苗栗縣 / 女","96","15","73","8"
"106年 12月/ 彰化縣 / 計","378","21","347","10"
"106年 12月/ 彰化縣 / 男","189","3","186","-"
"106年 12月/ 彰化縣 / 女","189","18","161","10"
"106年 12月/ 南投縣 / 計","192","9","174","9"
"106年 12月/ 南投縣 / 男","96","1","95","-"
"106年 12月/ 南投縣 / 女","96","8","79","9"
"106年 12月/ 雲林縣 / 計","226","20","197","9"
"106年 12月/ 雲林縣 / 男","113","2","111","-"
"106年 12月/ 雲林縣 / 女","113","18","86","9"
"106年 12月/ 嘉義縣 / 計","170","13","144","13"
"106年 12月/ 嘉義縣 / 男","85","1","84","-"
"106年 12月/ 嘉義縣 / 女","85","12","60","13"
"106年 12月/ 屏東縣 / 計","270","11","247","12"
"106年 12月/ 屏東縣 / 男","135","-","134","1"
"106年 12月/ 屏東縣 / 女","135","11","113","11"
"106年 12月/ 臺東縣 / 計","96","5","87","4"
"106年 12月/ 臺東縣 / 男","48","1","47","-"
"106年 12月/ 臺東縣 / 女","48","4","40","4"
"106年 12月/ 花蓮縣 / 計","152","7","139","6"
"106年 12月/ 花蓮縣 / 男","76","1","75","-"
"106年 12月/ 花蓮縣 / 女","76","6","64","6"
"106年 12月/ 澎湖縣 / 計","48","4","42","2"
"106年 12月/ 澎湖縣 / 男","24","3","21","-"
"106年 12月/ 澎湖縣 / 女","24","1","21","2"
"106年 12月/ 基隆市 / 計","154","6","137","11"
"106年 12月/ 基隆市 / 男","77","-","77","-"
"106年 12月/ 基隆市 / 女","77","6","60","11"
"106年 12月/ 新竹市 / 計","148","9","131","8"
"106年 12月/ 新竹市 / 男","74","2","72","-"
"106年 12月/ 新竹市 / 女","74","7","59","8"
"106年 12月/ 嘉義市 / 計","112","4","104","4"
"106年 12月/ 嘉義市 / 男","56","1","55","-"
"106年 12月/ 嘉義市 / 女","56","3","49","4"
"106年 12月/ 金門縣 / 計","44","1","38","5"
"106年 12月/ 金門縣 / 男","22","-","22","-"
"106年 12月/ 金門縣 / 女","22","1","16","5"
"106年 12月/ 連江縣 / 計","2","-","-","2"
"106年 12月/ 連江縣 / 男","1","-","-","1"
"106年 12月/ 連江縣 / 女","1","-","-","1"
"107年<br>(1月至1月)/ 區域別總計 / 計","8,768","341","7,935","492"
"107年<br>(1月至1月)/ 區域別總計 / 男","4,384","57","4,297","30"
"107年<br>(1月至1月)/ 區域別總計 / 女","4,384","284","3,638","462"
"107年<br>(1月至1月)/ 新北市 / 計","1,712","65","1,541","106"
"107年<br>(1月至1月)/ 新北市 / 男","856","15","829","12"
"107年<br>(1月至1月)/ 新北市 / 女","856","50","712","94"
"107年<br>(1月至1月)/ 臺北市 / 計","938","29","851","58"
"107年<br>(1月至1月)/ 臺北市 / 男","469","12","452","5"
"107年<br>(1月至1月)/ 臺北市 / 女","469","17","399","53"
"107年<br>(1月至1月)/ 桃園市 / 計","954","43","866","45"
"107年<br>(1月至1月)/ 桃園市 / 男","477","10","465","2"
"107年<br>(1月至1月)/ 桃園市 / 女","477","33","401","43"
"107年<br>(1月至1月)/ 臺中市 / 計","1,082","33","998","51"
"107年<br>(1月至1月)/ 臺中市 / 男","541","3","534","4"
"107年<br>(1月至1月)/ 臺中市 / 女","541","30","464","47"
"107年<br>(1月至1月)/ 臺南市 / 計","634","20","580","34"
"107年<br>(1月至1月)/ 臺南市 / 男","317","2","314","1"
"107年<br>(1月至1月)/ 臺南市 / 女","317","18","266","33"
"107年<br>(1月至1月)/ 高雄市 / 計","1,036","42","933","61"
"107年<br>(1月至1月)/ 高雄市 / 男","518","4","512","2"
"107年<br>(1月至1月)/ 高雄市 / 女","518","38","421","59"
"107年<br>(1月至1月)/ 宜蘭縣 / 計","144","9","124","11"
"107年<br>(1月至1月)/ 宜蘭縣 / 男","72","-","71","1"
"107年<br>(1月至1月)/ 宜蘭縣 / 女","72","9","53","10"
"107年<br>(1月至1月)/ 新竹縣 / 計","194","7","173","14"
"107年<br>(1月至1月)/ 新竹縣 / 男","97","4","93","-"
"107年<br>(1月至1月)/ 新竹縣 / 女","97","3","80","14"
"107年<br>(1月至1月)/ 苗栗縣 / 計","172","8","152","12"
"107年<br>(1月至1月)/ 苗栗縣 / 男","86","1","85","-"
"107年<br>(1月至1月)/ 苗栗縣 / 女","86","7","67","12"
"107年<br>(1月至1月)/ 彰化縣 / 計","368","22","331","15"
"107年<br>(1月至1月)/ 彰化縣 / 男","184","-","184","-"
"107年<br>(1月至1月)/ 彰化縣 / 女","184","22","147","15"
"107年<br>(1月至1月)/ 南投縣 / 計","158","5","145","8"
"107年<br>(1月至1月)/ 南投縣 / 男","79","-","77","2"
"107年<br>(1月至1月)/ 南投縣 / 女","79","5","68","6"
"107年<br>(1月至1月)/ 雲林縣 / 計","204","14","174","16"
"107年<br>(1月至1月)/ 雲林縣 / 男","102","1","100","1"
"107年<br>(1月至1月)/ 雲林縣 / 女","102","13","74","15"
"107年<br>(1月至1月)/ 嘉義縣 / 計","162","9","144","9"
"107年<br>(1月至1月)/ 嘉義縣 / 男","81","-","81","-"
"107年<br>(1月至1月)/ 嘉義縣 / 女","81","9","63","9"
"107年<br>(1月至1月)/ 屏東縣 / 計","314","14","285","15"
"107年<br>(1月至1月)/ 屏東縣 / 男","157","1","156","-"
"107年<br>(1月至1月)/ 屏東縣 / 女","157","13","129","15"
"107年<br>(1月至1月)/ 臺東縣 / 計","82","3","72","7"
"107年<br>(1月至1月)/ 臺東縣 / 男","41","-","41","-"
"107年<br>(1月至1月)/ 臺東縣 / 女","41","3","31","7"
"107年<br>(1月至1月)/ 花蓮縣 / 計","138","1","133","4"
"107年<br>(1月至1月)/ 花蓮縣 / 男","69","-","69","-"
"107年<br>(1月至1月)/ 花蓮縣 / 女","69","1","64","4"
"107年<br>(1月至1月)/ 澎湖縣 / 計","32","1","30","1"
"107年<br>(1月至1月)/ 澎湖縣 / 男","16","-","16","-"
"107年<br>(1月至1月)/ 澎湖縣 / 女","16","1","14","1"
"107年<br>(1月至1月)/ 基隆市 / 計","168","6","152","10"
"107年<br>(1月至1月)/ 基隆市 / 男","84","1","83","-"
"107年<br>(1月至1月)/ 基隆市 / 女","84","5","69","10"
"107年<br>(1月至1月)/ 新竹市 / 計","148","4","136","8"
"107年<br>(1月至1月)/ 新竹市 / 男","74","2","72","-"
"107年<br>(1月至1月)/ 新竹市 / 女","74","2","64","8"
"107年<br>(1月至1月)/ 嘉義市 / 計","88","4","81","3"
"107年<br>(1月至1月)/ 嘉義市 / 男","44","1","43","-"
"107年<br>(1月至1月)/ 嘉義市 / 女","44","3","38","3"
"107年<br>(1月至1月)/ 金門縣 / 計","34","2","28","4"
"107年<br>(1月至1月)/ 金門縣 / 男","17","-","17","-"
"107年<br>(1月至1月)/ 金門縣 / 女","17","2","11","4"
"107年<br>(1月至1月)/ 連江縣 / 計","6","-","6","-"
"107年<br>(1月至1月)/ 連江縣 / 男","3","-","3","-"
"107年<br>(1月至1月)/ 連江縣 / 女","3","-","3","-"
"107年 1月/ 區域別總計 / 計","8,768","341","7,935","492"
"107年 1月/ 區域別總計 / 男","4,384","57","4,297","30"
"107年 1月/ 區域別總計 / 女","4,384","284","3,638","462"
"107年 1月/ 新北市 / 計","1,712","65","1,541","106"
"107年 1月/ 新北市 / 男","856","15","829","12"
"107年 1月/ 新北市 / 女","856","50","712","94"
"107年 1月/ 臺北市 / 計","938","29","851","58"
"107年 1月/ 臺北市 / 男","469","12","452","5"
"107年 1月/ 臺北市 / 女","469","17","399","53"
"107年 1月/ 桃園市 / 計","954","43","866","45"
"107年 1月/ 桃園市 / 男","477","10","465","2"
"107年 1月/ 桃園市 / 女","477","33","401","43"
"107年 1月/ 臺中市 / 計","1,082","33","998","51"
"107年 1月/ 臺中市 / 男","541","3","534","4"
"107年 1月/ 臺中市 / 女","541","30","464","47"
"107年 1月/ 臺南市 / 計","634","20","580","34"
"107年 1月/ 臺南市 / 男","317","2","314","1"
"107年 1月/ 臺南市 / 女","317","18","266","33"
"107年 1月/ 高雄市 / 計","1,036","42","933","61"
"107年 1月/ 高雄市 / 男","518","4","512","2"
"107年 1月/ 高雄市 / 女","518","38","421","59"
"107年 1月/ 宜蘭縣 / 計","144","9","124","11"
"107年 1月/ 宜蘭縣 / 男","72","-","71","1"
"107年 1月/ 宜蘭縣 / 女","72","9","53","10"
"107年 1月/ 新竹縣 / 計","194","7","173","14"
"107年 1月/ 新竹縣 / 男","97","4","93","-"
"107年 1月/ 新竹縣 / 女","97","3","80","14"
"107年 1月/ 苗栗縣 / 計","172","8","152","12"
"107年 1月/ 苗栗縣 / 男","86","1","85","-"
"107年 1月/ 苗栗縣 / 女","86","7","67","12"
"107年 1月/ 彰化縣 / 計","368","22","331","15"
"107年 1月/ 彰化縣 / 男","184","-","184","-"
"107年 1月/ 彰化縣 / 女","184","22","147","15"
"107年 1月/ 南投縣 / 計","158","5","145","8"
"107年 1月/ 南投縣 / 男","79","-","77","2"
"107年 1月/ 南投縣 / 女","79","5","68","6"
"107年 1月/ 雲林縣 / 計","204","14","174","16"
"107年 1月/ 雲林縣 / 男","102","1","100","1"
"107年 1月/ 雲林縣 / 女","102","13","74","15"
"107年 1月/ 嘉義縣 / 計","162","9","144","9"
"107年 1月/ 嘉義縣 / 男","81","-","81","-"
"107年 1月/ 嘉義縣 / 女","81","9","63","9"
"107年 1月/ 屏東縣 / 計","314","14","285","15"
"107年 1月/ 屏東縣 / 男","157","1","156","-"
"107年 1月/ 屏東縣 / 女","157","13","129","15"
"107年 1月/ 臺東縣 / 計","82","3","72","7"
"107年 1月/ 臺東縣 / 男","41","-","41","-"
"107年 1月/ 臺東縣 / 女","41","3","31","7"
"107年 1月/ 花蓮縣 / 計","138","1","133","4"
"107年 1月/ 花蓮縣 / 男","69","-","69","-"
"107年 1月/ 花蓮縣 / 女","69","1","64","4"
"107年 1月/ 澎湖縣 / 計","32","1","30","1"
"107年 1月/ 澎湖縣 / 男","16","-","16","-"
"107年 1月/ 澎湖縣 / 女","16","1","14","1"
"107年 1月/ 基隆市 / 計","168","6","152","10"
"107年 1月/ 基隆市 / 男","84","1","83","-"
"107年 1月/ 基隆市 / 女","84","5","69","10"
"107年 1月/ 新竹市 / 計","148","4","136","8"
"107年 1月/ 新竹市 / 男","74","2","72","-"
"107年 1月/ 新竹市 / 女","74","2","64","8"
"107年 1月/ 嘉義市 / 計","88","4","81","3"
"107年 1月/ 嘉義市 / 男","44","1","43","-"
"107年 1月/ 嘉義市 / 女","44","3","38","3"
"107年 1月/ 金門縣 / 計","34","2","28","4"
"107年 1月/ 金門縣 / 男","17","-","17","-"
"107年 1月/ 金門縣 / 女","17","2","11","4"
"107年 1月/ 連江縣 / 計","6","-","6","-"
"107年 1月/ 連江縣 / 男","3","-","3","-"
"107年 1月/ 連江縣 / 女","3","-","3","-"

