"15歲以上人口數","總計","未婚","有偶","離婚","喪偶","男","未婚","有偶","離婚","喪偶","女","未婚","有偶","離婚","喪偶"
"105年/ 區域別總計 / 年齡別總計","20,397,935","7,041,373","10,364,347","1,673,523","1,318,692","10,083,204","3,822,678","5,220,813","794,574","245,139","10,314,731","3,218,695","5,143,534","878,949","1,073,553"
"105年/ 區域別總計 / 15-19歲","1,434,776","1,430,980","3,389","404","3","747,320","746,614","646","60","-","687,456","684,366","2,743","344","3"
"105年/ 區域別總計 / 20-24歲","1,608,149","1,550,572","49,822","7,697","58","834,607","816,135","15,996","2,472","4","773,542","734,437","33,826","5,225","54"
"105年/ 區域別總計 / 25-29歲","1,602,037","1,304,776","266,885","29,901","475","829,814","718,327","100,309","11,122","56","772,223","586,449","166,576","18,779","419"
"105年/ 區域別總計 / 30-34歲","1,787,567","910,492","785,801","88,005","3,269","895,355","531,745","330,554","32,779","277","892,212","378,747","455,247","55,226","2,992"
"105年/ 區域別總計 / 35-39歲","2,023,172","636,809","1,200,123","177,050","9,190","1,000,692","372,998","550,567","76,011","1,116","1,022,480","263,811","649,556","101,039","8,074"
"105年/ 區域別總計 / 40-44歲","1,833,753","395,974","1,190,990","229,330","17,459","903,230","218,380","575,805","106,815","2,230","930,523","177,594","615,185","122,515","15,229"
"105年/ 區域別總計 / 45-49歲","1,819,997","283,828","1,235,526","267,708","32,935","901,383","150,766","614,890","130,882","4,845","918,614","133,062","620,636","136,826","28,090"
"105年/ 區域別總計 / 50-54歲","1,871,648","206,952","1,322,794","279,767","62,135","924,716","109,336","667,961","137,999","9,420","946,932","97,616","654,833","141,768","52,715"
"105年/ 區域別總計 / 55-59歲","1,756,657","135,957","1,277,728","242,427","100,545","861,044","71,252","656,619","117,356","15,817","895,613","64,705","621,109","125,071","84,728"
"105年/ 區域別總計 / 60-64歲","1,554,074","85,690","1,137,442","179,911","151,031","752,645","40,735","600,180","88,433","23,297","801,429","44,955","537,262","91,478","127,734"
"105年/ 區域別總計 / 65-69歲","1,118,221","46,919","797,283","96,119","177,900","533,682","19,994","437,705","49,222","26,761","584,539","26,925","359,578","46,897","151,139"
"105年/ 區域別總計 / 70-74歲","663,987","19,221","444,209","36,832","163,725","307,929","8,867","252,323","20,081","26,658","356,058","10,354","191,886","16,751","137,067"
"105年/ 區域別總計 / 75-79歲","579,794","13,062","342,590","20,049","204,093","256,390","6,048","201,119","10,485","38,738","323,404","7,014","141,471","9,564","165,355"
"105年/ 區域別總計 / 80-84歲","387,717","7,865","185,216","9,445","185,191","167,699","3,726","117,811","5,044","41,118","220,018","4,139","67,405","4,401","144,073"
"105年/ 區域別總計 / 85-89歲","241,771","6,716","93,838","6,052","135,165","114,543","4,033","72,028","3,865","34,617","127,228","2,683","21,810","2,187","100,548"
"105年/ 區域別總計 / 90-94歲","91,542","3,986","26,060","2,320","59,176","42,154","2,614","22,260","1,603","15,677","49,388","1,372","3,800","717","43,499"
"105年/ 區域別總計 / 95-99歲","20,005","1,247","4,043","427","14,288","8,597","861","3,537","281","3,918","11,408","386","506","146","10,370"
"105年/ 區域別總計 / 100歲以上","3,068","327","608","79","2,054","1,404","247","503","64","590","1,664","80","105","15","1,464"
"105年/ 新北市 / 年齡別總計","3,471,785","1,254,563","1,722,877","306,174","188,171","1,688,216","670,673","849,122","137,362","31,059","1,783,569","583,890","873,755","168,812","157,112"
"105年/ 新北市 / 15-19歲","234,604","234,138","411","55","-","121,826","121,749","73","4","-","112,778","112,389","338","51","-"
"105年/ 新北市 / 20-24歲","272,488","264,500","6,782","1,200","6","141,673","139,141","2,152","380","-","130,815","125,359","4,630","820","6"
"105年/ 新北市 / 25-29歲","279,313","236,189","38,340","4,728","56","144,410","128,746","13,936","1,717","11","134,903","107,443","24,404","3,011","45"
"105年/ 新北市 / 30-34歲","307,673","171,708","120,926","14,634","405","153,230","98,760","49,247","5,194","29","154,443","72,948","71,679","9,440","376"
"105年/ 新北市 / 35-39歲","353,120","122,491","198,460","30,824","1,345","173,041","70,502","89,659","12,708","172","180,079","51,989","108,801","18,116","1,173"
"105年/ 新北市 / 40-44歲","323,168","75,942","204,006","40,742","2,478","157,870","40,492","98,687","18,330","361","165,298","35,450","105,319","22,412","2,117"
"105年/ 新北市 / 45-49歲","314,882","53,405","208,735","47,766","4,976","151,544","26,703","101,936","22,176","729","163,338","26,702","106,799","25,590","4,247"
"105年/ 新北市 / 50-54歲","329,003","38,065","230,392","50,774","9,772","154,233","18,388","111,087","23,255","1,503","174,770","19,677","119,305","27,519","8,269"
"105年/ 新北市 / 55-59歲","312,936","24,762","226,076","45,864","16,234","146,070","11,712","111,286","20,531","2,541","166,866","13,050","114,790","25,333","13,693"
"105年/ 新北市 / 60-64歲","278,689","15,778","202,511","35,608","24,792","129,691","6,725","103,223","16,070","3,673","148,998","9,053","99,288","19,538","21,119"
"105年/ 新北市 / 65-69歲","192,041","8,628","135,187","19,550","28,676","89,921","3,284","73,297","9,326","4,014","102,120","5,344","61,890","10,224","24,662"
"105年/ 新北市 / 70-74歲","102,640","3,267","67,343","7,351","24,679","47,584","1,411","38,689","3,850","3,634","55,056","1,856","28,654","3,501","21,045"
"105年/ 新北市 / 75-79歲","77,878","2,160","44,202","3,819","27,697","33,800","967","26,590","1,894","4,349","44,078","1,193","17,612","1,925","23,348"
"105年/ 新北市 / 80-84歲","46,959","1,257","21,952","1,710","22,040","20,255","600","14,694","924","4,037","26,704","657","7,258","786","18,003"
"105年/ 新北市 / 85-89歲","30,195","1,164","12,472","1,038","15,521","15,046","726","10,138","656","3,526","15,149","438","2,334","382","11,995"
"105年/ 新北市 / 90-94歲","12,555","739","4,118","418","7,280","6,216","490","3,613","282","1,831","6,339","249","505","136","5,449"
"105年/ 新北市 / 95-99歲","3,086","290","816","69","1,911","1,527","220","703","47","557","1,559","70","113","22","1,354"
"105年/ 新北市 / 100歲以上","555","80","148","24","303","279","57","112","18","92","276","23","36","6","211"
"105年/ 臺北市 / 年齡別總計","2,320,576","777,605","1,239,532","169,457","133,982","1,094,840","389,233","611,068","72,416","22,123","1,225,736","388,372","628,464","97,041","111,859"
"105年/ 臺北市 / 15-19歲","139,035","138,907","107","21","-","72,205","72,185","17","3","-","66,830","66,722","90","18","-"
"105年/ 臺北市 / 20-24歲","149,903","147,023","2,522","355","3","77,232","76,401","714","117","-","72,671","70,622","1,808","238","3"
"105年/ 臺北市 / 25-29歲","156,428","132,215","22,638","1,557","18","78,503","70,285","7,672","546","-","77,925","61,930","14,966","1,011","18"
"105年/ 臺北市 / 30-34歲","201,232","100,524","95,371","5,185","152","94,574","54,233","38,519","1,807","15","106,658","46,291","56,852","3,378","137"
"105年/ 臺北市 / 35-39歲","236,650","70,082","154,155","11,923","490","110,724","36,666","69,379","4,602","77","125,926","33,416","84,776","7,321","413"
"105年/ 臺北市 / 40-44歲","210,866","48,403","143,284","18,100","1,079","98,197","22,770","67,787","7,474","166","112,669","25,633","75,497","10,626","913"
"105年/ 臺北市 / 45-49歲","204,890","40,729","137,497","24,409","2,255","94,508","17,770","66,112","10,275","351","110,382","22,959","71,385","14,134","1,904"
"105年/ 臺北市 / 50-54歲","206,063","33,328","141,060","27,368","4,307","95,783","13,694","69,442","11,956","691","110,280","19,634","71,618","15,412","3,616"
"105年/ 臺北市 / 55-59歲","201,803","24,675","142,665","27,036","7,427","93,537","9,857","70,726","11,690","1,264","108,266","14,818","71,939","15,346","6,163"
"105年/ 臺北市 / 60-64歲","194,576","18,306","140,031","23,964","12,275","90,706","6,748","71,605","10,392","1,961","103,870","11,558","68,426","13,572","10,314"
"105年/ 臺北市 / 65-69歲","152,844","11,701","108,624","15,209","17,310","70,151","3,752","57,206","6,748","2,445","82,693","7,949","51,418","8,461","14,865"
"105年/ 臺北市 / 70-74歲","88,216","4,639","59,952","6,394","17,231","39,854","1,632","32,937","3,006","2,279","48,362","3,007","27,015","3,388","14,952"
"105年/ 臺北市 / 75-79歲","72,967","2,811","43,989","3,826","22,341","30,756","1,107","24,909","1,690","3,050","42,211","1,704","19,080","2,136","19,291"
"105年/ 臺北市 / 80-84歲","49,602","1,717","25,243","2,033","20,609","21,016","757","15,964","926","3,369","28,586","960","9,279","1,107","17,240"
"105年/ 臺北市 / 85-89歲","34,799","1,399","15,438","1,349","16,613","16,923","737","12,098","709","3,379","17,876","662","3,340","640","13,234"
"105年/ 臺北市 / 90-94歲","15,934","829","5,643","571","8,891","7,820","457","4,834","360","2,169","8,114","372","809","211","6,722"
"105年/ 臺北市 / 95-99歲","4,058","266","1,124","137","2,531","1,994","150","979","96","769","2,064","116","145","41","1,762"
"105年/ 臺北市 / 100歲以上","710","51","189","20","450","357","32","168","19","138","353","19","21","1","312"
"105年/ 桃園市 / 年齡別總計","1,818,456","622,282","939,331","159,031","97,812","899,872","343,044","467,526","73,014","16,288","918,584","279,238","471,805","86,017","81,524"
"105年/ 桃園市 / 15-19歲","144,911","144,448","423","40","-","75,552","75,471","76","5","-","69,359","68,977","347","35","-"
"105年/ 桃園市 / 20-24歲","155,656","148,843","5,962","847","4","81,203","79,047","1,891","264","1","74,453","69,796","4,071","583","3"
"105年/ 桃園市 / 25-29歲","153,175","117,991","31,790","3,347","47","78,916","65,893","11,786","1,234","3","74,259","52,098","20,004","2,113","44"
"105年/ 桃園市 / 30-34歲","172,718","76,431","86,024","9,947","316","85,956","46,050","36,273","3,611","22","86,762","30,381","49,751","6,336","294"
"105年/ 桃園市 / 35-39歲","194,917","50,866","123,996","19,138","917","95,669","30,842","56,689","8,023","115","99,248","20,024","67,307","11,115","802"
"105年/ 桃園市 / 40-44歲","174,222","30,295","118,478","23,750","1,699","85,735","17,564","57,349","10,624","198","88,487","12,731","61,129","13,126","1,501"
"105年/ 桃園市 / 45-49歲","168,787","20,612","118,590","26,574","3,011","83,002","11,344","58,781","12,451","426","85,785","9,268","59,809","14,123","2,585"
"105年/ 桃園市 / 50-54歲","166,285","13,867","120,843","26,073","5,502","81,392","7,462","60,665","12,439","826","84,893","6,405","60,178","13,634","4,676"
"105年/ 桃園市 / 55-59歲","145,564","8,161","107,789","21,144","8,470","70,736","4,223","55,426","9,862","1,225","74,828","3,938","52,363","11,282","7,245"
"105年/ 桃園市 / 60-64歲","122,796","4,923","90,083","15,015","12,775","58,369","2,204","47,227","7,210","1,728","64,427","2,719","42,856","7,805","11,047"
"105年/ 桃園市 / 65-69歲","82,803","2,379","58,255","7,444","14,725","38,633","1,012","31,963","3,849","1,809","44,170","1,367","26,292","3,595","12,916"
"105年/ 桃園市 / 70-74歲","46,971","946","30,967","2,720","12,338","21,176","438","17,635","1,520","1,583","25,795","508","13,332","1,200","10,755"
"105年/ 桃園市 / 75-79歲","37,570","704","21,839","1,367","13,660","16,149","293","12,873","749","2,234","21,421","411","8,966","618","11,426"
"105年/ 桃園市 / 80-84歲","24,426","539","12,059","689","11,139","11,232","269","8,233","422","2,308","13,194","270","3,826","267","8,831"
"105年/ 桃園市 / 85-89歲","18,981","645","9,362","658","8,316","11,440","451","8,067","526","2,396","7,541","194","1,295","132","5,920"
"105年/ 桃園市 / 90-94歲","6,990","436","2,487","236","3,831","3,885","329","2,247","195","1,114","3,105","107","240","41","2,717"
"105年/ 桃園市 / 95-99歲","1,454","144","343","38","929","704","112","309","27","256","750","32","34","11","673"
"105年/ 桃園市 / 100歲以上","230","52","41","4","133","123","40","36","3","44","107","12","5","1","89"
"105年/ 臺中市(99年改制前) / 年齡別總計","-","-","-","-","-","-","-","-","-","-","-","-","-","-","-"
"105年/ 臺中市(99年改制前) / 15-19歲","-","-","-","-","-","-","-","-","-","-","-","-","-","-","-"
"105年/ 臺中市(99年改制前) / 20-24歲","-","-","-","-","-","-","-","-","-","-","-","-","-","-","-"
"105年/ 臺中市(99年改制前) / 25-29歲","-","-","-","-","-","-","-","-","-","-","-","-","-","-","-"
"105年/ 臺中市(99年改制前) / 30-34歲","-","-","-","-","-","-","-","-","-","-","-","-","-","-","-"
"105年/ 臺中市(99年改制前) / 35-39歲","-","-","-","-","-","-","-","-","-","-","-","-","-","-","-"
"105年/ 臺中市(99年改制前) / 40-44歲","-","-","-","-","-","-","-","-","-","-","-","-","-","-","-"
"105年/ 臺中市(99年改制前) / 45-49歲","-","-","-","-","-","-","-","-","-","-","-","-","-","-","-"
"105年/ 臺中市(99年改制前) / 50-54歲","-","-","-","-","-","-","-","-","-","-","-","-","-","-","-"
"105年/ 臺中市(99年改制前) / 55-59歲","-","-","-","-","-","-","-","-","-","-","-","-","-","-","-"
"105年/ 臺中市(99年改制前) / 60-64歲","-","-","-","-","-","-","-","-","-","-","-","-","-","-","-"
"105年/ 臺中市(99年改制前) / 65-69歲","-","-","-","-","-","-","-","-","-","-","-","-","-","-","-"
"105年/ 臺中市(99年改制前) / 70-74歲","-","-","-","-","-","-","-","-","-","-","-","-","-","-","-"
"105年/ 臺中市(99年改制前) / 75-79歲","-","-","-","-","-","-","-","-","-","-","-","-","-","-","-"
"105年/ 臺中市(99年改制前) / 80-84歲","-","-","-","-","-","-","-","-","-","-","-","-","-","-","-"
"105年/ 臺中市(99年改制前) / 85-89歲","-","-","-","-","-","-","-","-","-","-","-","-","-","-","-"
"105年/ 臺中市(99年改制前) / 90-94歲","-","-","-","-","-","-","-","-","-","-","-","-","-","-","-"
"105年/ 臺中市(99年改制前) / 95-99歲","-","-","-","-","-","-","-","-","-","-","-","-","-","-","-"
"105年/ 臺中市(99年改制前) / 100歲以上","-","-","-","-","-","-","-","-","-","-","-","-","-","-","-"
"105年/ 臺南市(99年改制前) / 年齡別總計","-","-","-","-","-","-","-","-","-","-","-","-","-","-","-"
"105年/ 臺南市(99年改制前) / 15-19歲","-","-","-","-","-","-","-","-","-","-","-","-","-","-","-"
"105年/ 臺南市(99年改制前) / 20-24歲","-","-","-","-","-","-","-","-","-","-","-","-","-","-","-"
"105年/ 臺南市(99年改制前) / 25-29歲","-","-","-","-","-","-","-","-","-","-","-","-","-","-","-"
"105年/ 臺南市(99年改制前) / 30-34歲","-","-","-","-","-","-","-","-","-","-","-","-","-","-","-"
"105年/ 臺南市(99年改制前) / 35-39歲","-","-","-","-","-","-","-","-","-","-","-","-","-","-","-"
"105年/ 臺南市(99年改制前) / 40-44歲","-","-","-","-","-","-","-","-","-","-","-","-","-","-","-"
"105年/ 臺南市(99年改制前) / 45-49歲","-","-","-","-","-","-","-","-","-","-","-","-","-","-","-"
"105年/ 臺南市(99年改制前) / 50-54歲","-","-","-","-","-","-","-","-","-","-","-","-","-","-","-"
"105年/ 臺南市(99年改制前) / 55-59歲","-","-","-","-","-","-","-","-","-","-","-","-","-","-","-"
"105年/ 臺南市(99年改制前) / 60-64歲","-","-","-","-","-","-","-","-","-","-","-","-","-","-","-"
"105年/ 臺南市(99年改制前) / 65-69歲","-","-","-","-","-","-","-","-","-","-","-","-","-","-","-"
"105年/ 臺南市(99年改制前) / 70-74歲","-","-","-","-","-","-","-","-","-","-","-","-","-","-","-"
"105年/ 臺南市(99年改制前) / 75-79歲","-","-","-","-","-","-","-","-","-","-","-","-","-","-","-"
"105年/ 臺南市(99年改制前) / 80-84歲","-","-","-","-","-","-","-","-","-","-","-","-","-","-","-"
"105年/ 臺南市(99年改制前) / 85-89歲","-","-","-","-","-","-","-","-","-","-","-","-","-","-","-"
"105年/ 臺南市(99年改制前) / 90-94歲","-","-","-","-","-","-","-","-","-","-","-","-","-","-","-"
"105年/ 臺南市(99年改制前) / 95-99歲","-","-","-","-","-","-","-","-","-","-","-","-","-","-","-"
"105年/ 臺南市(99年改制前) / 100歲以上","-","-","-","-","-","-","-","-","-","-","-","-","-","-","-"
"105年/ 高雄市(99年改制前) / 年齡別總計","-","-","-","-","-","-","-","-","-","-","-","-","-","-","-"
"105年/ 高雄市(99年改制前) / 15-19歲","-","-","-","-","-","-","-","-","-","-","-","-","-","-","-"
"105年/ 高雄市(99年改制前) / 20-24歲","-","-","-","-","-","-","-","-","-","-","-","-","-","-","-"
"105年/ 高雄市(99年改制前) / 25-29歲","-","-","-","-","-","-","-","-","-","-","-","-","-","-","-"
"105年/ 高雄市(99年改制前) / 30-34歲","-","-","-","-","-","-","-","-","-","-","-","-","-","-","-"
"105年/ 高雄市(99年改制前) / 35-39歲","-","-","-","-","-","-","-","-","-","-","-","-","-","-","-"
"105年/ 高雄市(99年改制前) / 40-44歲","-","-","-","-","-","-","-","-","-","-","-","-","-","-","-"
"105年/ 高雄市(99年改制前) / 45-49歲","-","-","-","-","-","-","-","-","-","-","-","-","-","-","-"
"105年/ 高雄市(99年改制前) / 50-54歲","-","-","-","-","-","-","-","-","-","-","-","-","-","-","-"
"105年/ 高雄市(99年改制前) / 55-59歲","-","-","-","-","-","-","-","-","-","-","-","-","-","-","-"
"105年/ 高雄市(99年改制前) / 60-64歲","-","-","-","-","-","-","-","-","-","-","-","-","-","-","-"
"105年/ 高雄市(99年改制前) / 65-69歲","-","-","-","-","-","-","-","-","-","-","-","-","-","-","-"
"105年/ 高雄市(99年改制前) / 70-74歲","-","-","-","-","-","-","-","-","-","-","-","-","-","-","-"
"105年/ 高雄市(99年改制前) / 75-79歲","-","-","-","-","-","-","-","-","-","-","-","-","-","-","-"
"105年/ 高雄市(99年改制前) / 80-84歲","-","-","-","-","-","-","-","-","-","-","-","-","-","-","-"
"105年/ 高雄市(99年改制前) / 85-89歲","-","-","-","-","-","-","-","-","-","-","-","-","-","-","-"
"105年/ 高雄市(99年改制前) / 90-94歲","-","-","-","-","-","-","-","-","-","-","-","-","-","-","-"
"105年/ 高雄市(99年改制前) / 95-99歲","-","-","-","-","-","-","-","-","-","-","-","-","-","-","-"
"105年/ 高雄市(99年改制前) / 100歲以上","-","-","-","-","-","-","-","-","-","-","-","-","-","-","-"
"105年/ 高雄縣 / 年齡別總計","-","-","-","-","-","-","-","-","-","-","-","-","-","-","-"
"105年/ 高雄縣 / 15-19歲","-","-","-","-","-","-","-","-","-","-","-","-","-","-","-"
"105年/ 高雄縣 / 20-24歲","-","-","-","-","-","-","-","-","-","-","-","-","-","-","-"
"105年/ 高雄縣 / 25-29歲","-","-","-","-","-","-","-","-","-","-","-","-","-","-","-"
"105年/ 高雄縣 / 30-34歲","-","-","-","-","-","-","-","-","-","-","-","-","-","-","-"
"105年/ 高雄縣 / 35-39歲","-","-","-","-","-","-","-","-","-","-","-","-","-","-","-"
"105年/ 高雄縣 / 40-44歲","-","-","-","-","-","-","-","-","-","-","-","-","-","-","-"
"105年/ 高雄縣 / 45-49歲","-","-","-","-","-","-","-","-","-","-","-","-","-","-","-"
"105年/ 高雄縣 / 50-54歲","-","-","-","-","-","-","-","-","-","-","-","-","-","-","-"
"105年/ 高雄縣 / 55-59歲","-","-","-","-","-","-","-","-","-","-","-","-","-","-","-"
"105年/ 高雄縣 / 60-64歲","-","-","-","-","-","-","-","-","-","-","-","-","-","-","-"
"105年/ 高雄縣 / 65-69歲","-","-","-","-","-","-","-","-","-","-","-","-","-","-","-"
"105年/ 高雄縣 / 70-74歲","-","-","-","-","-","-","-","-","-","-","-","-","-","-","-"
"105年/ 高雄縣 / 75-79歲","-","-","-","-","-","-","-","-","-","-","-","-","-","-","-"
"105年/ 高雄縣 / 80-84歲","-","-","-","-","-","-","-","-","-","-","-","-","-","-","-"
"105年/ 高雄縣 / 85-89歲","-","-","-","-","-","-","-","-","-","-","-","-","-","-","-"
"105年/ 高雄縣 / 90-94歲","-","-","-","-","-","-","-","-","-","-","-","-","-","-","-"
"105年/ 高雄縣 / 95-99歲","-","-","-","-","-","-","-","-","-","-","-","-","-","-","-"
"105年/ 高雄縣 / 100歲以上","-","-","-","-","-","-","-","-","-","-","-","-","-","-","-"
"105年/ 宜蘭縣 / 年齡別總計","400,702","135,337","203,168","31,880","30,317","202,145","75,062","105,176","16,354","5,553","198,557","60,275","97,992","15,526","24,764"
"105年/ 宜蘭縣 / 15-19歲","28,715","28,579","122","14","-","14,982","14,952","30","-","-","13,733","13,627","92","14","-"
"105年/ 宜蘭縣 / 20-24歲","34,000","32,392","1,420","187","1","17,668","17,169","433","66","-","16,332","15,223","987","121","1"
"105年/ 宜蘭縣 / 25-29歲","32,364","25,948","5,745","661","10","17,079","14,478","2,349","252","-","15,285","11,470","3,396","409","10"
"105年/ 宜蘭縣 / 30-34歲","32,354","16,646","13,823","1,818","67","16,704","9,832","6,142","725","5","15,650","6,814","7,681","1,093","62"
"105年/ 宜蘭縣 / 35-39歲","34,806","11,320","19,762","3,550","174","17,617","6,817","9,135","1,634","31","17,189","4,503","10,627","1,916","143"
"105年/ 宜蘭縣 / 40-44歲","33,282","6,806","21,504","4,576","396","16,678","4,025","10,355","2,252","46","16,604","2,781","11,149","2,324","350"
"105年/ 宜蘭縣 / 45-49歲","35,633","4,771","24,848","5,264","750","18,318","2,766","12,659","2,773","120","17,315","2,005","12,189","2,491","630"
"105年/ 宜蘭縣 / 50-54歲","37,002","3,426","26,801","5,410","1,365","18,988","1,941","13,951","2,896","200","18,014","1,485","12,850","2,514","1,165"
"105年/ 宜蘭縣 / 55-59歲","34,738","2,235","25,844","4,498","2,161","17,522","1,276","13,563","2,368","315","17,216","959","12,281","2,130","1,846"
"105年/ 宜蘭縣 / 60-64歲","30,000","1,420","22,444","3,114","3,022","14,985","773","12,087","1,700","425","15,015","647","10,357","1,414","2,597"
"105年/ 宜蘭縣 / 65-69歲","20,476","748","14,880","1,468","3,380","10,046","366","8,324","863","493","10,430","382","6,556","605","2,887"
"105年/ 宜蘭縣 / 70-74歲","14,522","371","9,916","641","3,594","6,916","217","5,719","415","565","7,606","154","4,197","226","3,029"
"105年/ 宜蘭縣 / 75-79歲","14,697","288","8,840","376","5,193","6,753","179","5,358","240","976","7,944","109","3,482","136","4,217"
"105年/ 宜蘭縣 / 80-84歲","9,884","192","4,691","165","4,836","4,343","137","3,085","86","1,035","5,541","55","1,606","79","3,801"
"105年/ 宜蘭縣 / 85-89歲","5,714","119","1,998","97","3,500","2,553","79","1,546","61","867","3,161","40","452","36","2,633"
"105年/ 宜蘭縣 / 90-94歲","2,034","55","462","34","1,483","813","40","382","18","373","1,221","15","80","16","1,110"
"105年/ 宜蘭縣 / 95-99歲","410","15","55","7","333","147","9","45","5","88","263","6","10","2","245"
"105年/ 宜蘭縣 / 100歲以上","71","6","13","-","52","33","6","13","-","14","38","-","-","-","38"
"105年/ 新竹縣 / 年齡別總計","455,791","146,187","248,097","34,163","27,344","232,186","82,550","127,065","17,036","5,535","223,605","63,637","121,032","17,127","21,809"
"105年/ 新竹縣 / 15-19歲","36,013","35,870","131","11","1","18,919","18,893","23","3","-","17,094","16,977","108","8","1"
"105年/ 新竹縣 / 20-24歲","38,210","36,532","1,462","212","4","19,914","19,363","479","72","-","18,296","17,169","983","140","4"
"105年/ 新竹縣 / 25-29歲","35,210","27,247","7,156","793","14","18,473","15,516","2,665","290","2","16,737","11,731","4,491","503","12"
"105年/ 新竹縣 / 30-34歲","40,079","17,038","20,632","2,305","104","20,149","10,661","8,630","851","7","19,930","6,377","12,002","1,454","97"
"105年/ 新竹縣 / 35-39歲","50,090","11,359","34,112","4,375","244","24,586","7,284","15,290","1,978","34","25,504","4,075","18,822","2,397","210"
"105年/ 新竹縣 / 40-44歲","46,712","6,629","34,409","5,223","451","23,674","4,016","17,114","2,492","52","23,038","2,613","17,295","2,731","399"
"105年/ 新竹縣 / 45-49歲","42,602","4,384","31,607","5,834","777","22,108","2,552","16,410","3,037","109","20,494","1,832","15,197","2,797","668"
"105年/ 新竹縣 / 50-54歲","40,197","2,981","30,393","5,505","1,318","21,063","1,805","16,215","2,864","179","19,134","1,176","14,178","2,641","1,139"
"105年/ 新竹縣 / 55-59歲","34,403","1,775","26,279","4,440","1,909","18,130","1,070","14,378","2,381","301","16,273","705","11,901","2,059","1,608"
"105年/ 新竹縣 / 60-64歲","28,235","978","21,642","2,857","2,758","14,395","571","11,878","1,506","440","13,840","407","9,764","1,351","2,318"
"105年/ 新竹縣 / 65-69歲","19,521","568","14,574","1,403","2,976","9,693","332","8,089","812","460","9,828","236","6,485","591","2,516"
"105年/ 新竹縣 / 70-74歲","13,575","299","9,577","551","3,148","6,584","181","5,527","354","522","6,991","118","4,050","197","2,626"
"105年/ 新竹縣 / 75-79歲","13,660","232","8,709","341","4,378","6,521","140","5,269","210","902","7,139","92","3,440","131","3,476"
"105年/ 新竹縣 / 80-84歲","9,108","115","4,667","176","4,150","4,182","63","3,003","104","1,012","4,926","52","1,664","72","3,138"
"105年/ 新竹縣 / 85-89歲","5,631","108","2,195","85","3,243","2,704","59","1,636","50","959","2,927","49","559","35","2,284"
"105年/ 新竹縣 / 90-94歲","2,066","52","499","42","1,473","900","31","411","26","432","1,166","21","88","16","1,041"
"105年/ 新竹縣 / 95-99歲","412","15","49","7","341","163","10","44","3","106","249","5","5","4","235"
"105年/ 新竹縣 / 100歲以上","67","5","4","3","55","28","3","4","3","18","39","2","-","-","37"
"105年/ 苗栗縣 / 年齡別總計","483,011","157,274","252,875","36,054","36,808","248,464","89,141","132,181","19,296","7,846","234,547","68,133","120,694","16,758","28,962"
"105年/ 苗栗縣 / 15-19歲","34,088","33,950","127","11","-","17,900","17,869","29","2","-","16,188","16,081","98","9","-"
"105年/ 苗栗縣 / 20-24歲","39,835","37,956","1,620","256","3","20,718","20,128","515","75","-","19,117","17,828","1,105","181","3"
"105年/ 苗栗縣 / 25-29歲","39,581","30,805","7,826","935","15","20,740","17,347","3,027","365","1","18,841","13,458","4,799","570","14"
"105年/ 苗栗縣 / 30-34歲","42,542","19,822","20,056","2,543","121","21,835","12,211","8,587","1,029","8","20,707","7,611","11,469","1,514","113"
"105年/ 苗栗縣 / 35-39歲","45,328","12,839","27,841","4,352","296","23,305","8,200","13,035","2,048","22","22,023","4,639","14,806","2,304","274"
"105年/ 苗栗縣 / 40-44歲","39,616","7,350","26,647","5,082","537","20,642","4,530","13,338","2,718","56","18,974","2,820","13,309","2,364","481"
"105年/ 苗栗縣 / 45-49歲","40,507","5,258","28,562","5,766","921","21,607","3,220","15,063","3,212","112","18,900","2,038","13,499","2,554","809"
"105年/ 苗栗縣 / 50-54歲","42,614","3,646","31,278","5,972","1,718","22,535","2,253","16,650","3,379","253","20,079","1,393","14,628","2,593","1,465"
"105年/ 苗栗縣 / 55-59歲","40,961","2,396","31,145","4,983","2,437","21,588","1,542","16,926","2,729","391","19,373","854","14,219","2,254","2,046"
"105年/ 苗栗縣 / 60-64歲","35,168","1,441","26,648","3,460","3,619","18,249","842","14,747","2,045","615","16,919","599","11,901","1,415","3,004"
"105年/ 苗栗縣 / 65-69歲","24,829","813","18,450","1,538","4,028","12,331","473","10,315","936","607","12,498","340","8,135","602","3,421"
"105年/ 苗栗縣 / 70-74歲","17,288","421","12,147","584","4,136","8,479","248","7,074","395","762","8,809","173","5,073","189","3,374"
"105年/ 苗栗縣 / 75-79歲","17,486","251","11,060","319","5,856","8,399","132","6,679","208","1,380","9,087","119","4,381","111","4,476"
"105年/ 苗栗縣 / 80-84歲","12,308","154","6,144","144","5,866","5,567","76","3,843","81","1,567","6,741","78","2,301","63","4,299"
"105年/ 苗栗縣 / 85-89歲","7,570","108","2,710","80","4,672","3,342","43","1,879","60","1,360","4,228","65","831","20","3,312"
"105年/ 苗栗縣 / 90-94歲","2,658","42","545","23","2,048","1,008","17","414","13","564","1,650","25","131","10","1,484"
"105年/ 苗栗縣 / 95-99歲","553","20","64","5","464","191","9","56","1","125","362","11","8","4","339"
"105年/ 苗栗縣 / 100歲以上","79","2","5","1","71","28","1","4","-","23","51","1","1","1","48"
"105年/ 彰化縣 / 年齡別總計","1,111,723","375,722","589,661","64,830","81,510","564,836","209,696","304,080","34,570","16,490","546,887","166,026","285,581","30,260","65,020"
"105年/ 彰化縣 / 15-19歲","83,051","82,750","269","32","-","43,420","43,374","42","4","-","39,631","39,376","227","28","-"
"105年/ 彰化縣 / 20-24歲","91,796","87,856","3,540","395","5","47,902","46,598","1,163","141","-","43,894","41,258","2,377","254","5"
"105年/ 彰化縣 / 25-29歲","93,323","72,617","18,976","1,695","35","48,911","40,964","7,262","682","3","44,412","31,653","11,714","1,013","32"
"105年/ 彰化縣 / 30-34歲","102,670","49,946","47,631","4,883","210","52,557","30,079","20,478","1,976","24","50,113","19,867","27,153","2,907","186"
"105年/ 彰化縣 / 35-39歲","107,903","32,877","65,577","8,857","592","55,512","19,935","31,254","4,242","81","52,391","12,942","34,323","4,615","511"
"105年/ 彰化縣 / 40-44歲","92,405","18,535","63,065","9,886","919","47,675","10,650","31,649","5,270","106","44,730","7,885","31,416","4,616","813"
"105年/ 彰化縣 / 45-49歲","89,560","11,445","66,260","9,944","1,911","46,620","6,549","34,155","5,628","288","42,940","4,896","32,105","4,316","1,623"
"105年/ 彰化縣 / 50-54歲","96,591","8,104","74,488","10,363","3,636","50,230","4,827","38,993","5,851","559","46,361","3,277","35,495","4,512","3,077"
"105年/ 彰化縣 / 55-59歲","91,574","4,991","72,320","8,408","5,855","47,272","3,001","38,708","4,634","929","44,302","1,990","33,612","3,774","4,926"
"105年/ 彰化縣 / 60-64歲","79,888","3,003","62,776","5,611","8,498","40,617","1,703","34,230","3,227","1,457","39,271","1,300","28,546","2,384","7,041"
"105年/ 彰化縣 / 65-69歲","58,734","1,539","44,958","2,716","9,521","29,245","835","25,183","1,615","1,612","29,489","704","19,775","1,101","7,909"
"105年/ 彰化縣 / 70-74歲","37,767","777","26,824","1,024","9,142","18,062","434","15,206","662","1,760","19,705","343","11,618","362","7,382"
"105年/ 彰化縣 / 75-79歲","37,533","574","23,590","597","12,772","17,333","334","13,719","389","2,891","20,200","240","9,871","208","9,881"
"105年/ 彰化縣 / 80-84歲","27,394","326","13,299","229","13,540","11,479","175","7,921","135","3,248","15,915","151","5,378","94","10,292"
"105年/ 彰化縣 / 85-89歲","15,077","216","5,011","128","9,722","5,897","132","3,304","79","2,382","9,180","84","1,707","49","7,340"
"105年/ 彰化縣 / 90-94歲","5,295","127","965","51","4,152","1,782","82","721","30","949","3,513","45","244","21","3,203"
"105年/ 彰化縣 / 95-99歲","1,060","33","105","10","912","296","18","86","4","188","764","15","19","6","724"
"105年/ 彰化縣 / 100歲以上","102","6","7","1","88","26","6","6","1","13","76","-","1","-","75"
"105年/ 南投縣 / 年齡別總計","446,869","149,248","224,483","35,642","37,496","228,735","83,771","118,340","18,961","7,663","218,134","65,477","106,143","16,681","29,833"
"105年/ 南投縣 / 15-19歲","31,703","31,542","151","10","-","16,509","16,474","35","-","-","15,194","15,068","116","10","-"
"105年/ 南投縣 / 20-24歲","36,848","34,922","1,684","238","4","19,033","18,354","590","89","-","17,815","16,568","1,094","149","4"
"105年/ 南投縣 / 25-29歲","35,211","27,940","6,395","863","13","18,786","15,775","2,672","339","-","16,425","12,165","3,723","524","13"
"105年/ 南投縣 / 30-34歲","35,724","18,610","14,766","2,229","119","19,013","11,202","6,922","880","9","16,711","7,408","7,844","1,349","110"
"105年/ 南投縣 / 35-39歲","37,696","12,552","20,612","4,247","285","19,604","7,812","9,760","2,004","28","18,092","4,740","10,852","2,243","257"
"105年/ 南投縣 / 40-44歲","34,426","7,558","21,459","4,879","530","17,634","4,563","10,518","2,502","51","16,792","2,995","10,941","2,377","479"
"105年/ 南投縣 / 45-49歲","38,037","5,577","25,796","5,695","969","19,893","3,227","13,311","3,220","135","18,144","2,350","12,485","2,475","834"
"105年/ 南投縣 / 50-54歲","41,903","4,197","29,956","5,947","1,803","21,896","2,491","15,819","3,318","268","20,007","1,706","14,137","2,629","1,535"
"105年/ 南投縣 / 55-59歲","40,247","2,706","29,829","4,941","2,771","20,904","1,614","16,083","2,742","465","19,343","1,092","13,746","2,199","2,306"
"105年/ 南投縣 / 60-64歲","34,939","1,668","25,905","3,562","3,804","18,020","992","14,330","2,055","643","16,919","676","11,575","1,507","3,161"
"105年/ 南投縣 / 65-69歲","25,222","938","18,245","1,726","4,313","12,625","573","10,364","1,011","677","12,597","365","7,881","715","3,636"
"105年/ 南投縣 / 70-74歲","16,688","496","11,135","651","4,406","7,968","373","6,420","395","780","8,720","123","4,715","256","3,626"
"105年/ 南投縣 / 75-79歲","16,742","267","10,079","343","6,053","7,684","161","5,952","213","1,358","9,058","106","4,127","130","4,695"
"105年/ 南投縣 / 80-84歲","11,697","135","5,556","169","5,837","5,095","76","3,444","99","1,476","6,602","59","2,112","70","4,361"
"105年/ 南投縣 / 85-89歲","6,906","91","2,339","99","4,377","2,958","52","1,645","67","1,194","3,948","39","694","32","3,183"
"105年/ 南投縣 / 90-94歲","2,343","39","511","33","1,760","928","23","418","24","463","1,415","16","93","9","1,297"
"105年/ 南投縣 / 95-99歲","480","8","60","9","403","164","7","53","3","101","316","1","7","6","302"
"105年/ 南投縣 / 100歲以上","57","2","5","1","49","21","2","4","-","15","36","-","1","1","34"
"105年/ 雲林縣 / 年齡別總計","610,263","192,288","319,173","43,273","55,529","316,758","108,601","172,129","24,593","11,435","293,505","83,687","147,044","18,680","44,094"
"105年/ 雲林縣 / 15-19歲","43,616","43,456","137","23","-","23,044","23,015","23","6","-","20,572","20,441","114","17","-"
"105年/ 雲林縣 / 20-24歲","45,934","43,897","1,821","212","4","23,927","23,260","599","67","1","22,007","20,637","1,222","145","3"
"105年/ 雲林縣 / 25-29歲","43,978","34,860","8,272","825","21","23,295","19,582","3,388","322","3","20,683","15,278","4,884","503","18"
"105年/ 雲林縣 / 30-34歲","49,796","25,114","21,717","2,825","140","25,921","15,181","9,575","1,152","13","23,875","9,933","12,142","1,673","127"
"105年/ 雲林縣 / 35-39歲","55,847","17,265","32,696","5,483","403","28,828","10,607","15,510","2,668","43","27,019","6,658","17,186","2,815","360"
"105年/ 雲林縣 / 40-44歲","51,097","9,809","34,083","6,483","722","26,912","5,849","17,440","3,546","77","24,185","3,960","16,643","2,937","645"
"105年/ 雲林縣 / 45-49歲","51,294","6,497","36,417","7,222","1,158","28,623","3,917","20,159","4,369","178","22,671","2,580","16,258","2,853","980"
"105年/ 雲林縣 / 50-54歲","55,111","4,783","40,389","7,691","2,248","31,037","3,045","22,987","4,651","354","24,074","1,738","17,402","3,040","1,894"
"105年/ 雲林縣 / 55-59歲","50,219","2,880","37,941","5,828","3,570","27,562","1,897","21,603","3,545","517","22,657","983","16,338","2,283","3,053"
"105年/ 雲林縣 / 60-64歲","44,607","1,639","33,993","3,662","5,313","23,589","1,047","19,323","2,293","926","21,018","592","14,670","1,369","4,387"
"105年/ 雲林縣 / 65-69歲","34,875","879","25,992","1,725","6,279","17,769","559","14,992","1,147","1,071","17,106","320","11,000","578","5,208"
"105年/ 雲林縣 / 70-74歲","25,582","476","17,779","625","6,702","12,051","294","10,018","428","1,311","13,531","182","7,761","197","5,391"
"105年/ 雲林縣 / 75-79歲","25,930","342","15,782","361","9,445","11,615","160","9,048","232","2,175","14,315","182","6,734","129","7,270"
"105年/ 雲林縣 / 80-84歲","18,189","193","8,460","181","9,355","7,519","96","5,008","98","2,317","10,670","97","3,452","83","7,038"
"105年/ 雲林縣 / 85-89歲","10,179","121","3,039","104","6,915","3,788","56","1,956","55","1,721","6,391","65","1,083","49","5,194"
"105年/ 雲林縣 / 90-94歲","3,314","60","596","20","2,638","1,103","29","460","12","602","2,211","31","136","8","2,036"
"105年/ 雲林縣 / 95-99歲","624","16","55","3","550","157","7","39","2","109","467","9","16","1","441"
"105年/ 雲林縣 / 100歲以上","71","1","4","-","66","18","-","1","-","17","53","1","3","-","49"
"105年/ 嘉義縣 / 年齡別總計","462,401","147,093","238,001","34,946","42,361","240,425","83,800","127,572","20,198","8,855","221,976","63,293","110,429","14,748","33,506"
"105年/ 嘉義縣 / 15-19歲","31,474","31,354","96","23","1","16,546","16,524","18","4","-","14,928","14,830","78","19","1"
"105年/ 嘉義縣 / 20-24歲","35,187","33,710","1,315","162","-","18,256","17,741","458","57","-","16,931","15,969","857","105","-"
"105年/ 嘉義縣 / 25-29歲","33,919","27,304","5,871","726","18","17,994","15,161","2,522","310","1","15,925","12,143","3,349","416","17"
"105年/ 嘉義縣 / 30-34歲","35,124","18,713","14,208","2,078","125","18,907","11,498","6,517","879","13","16,217","7,215","7,691","1,199","112"
"105年/ 嘉義縣 / 35-39歲","38,545","12,729","21,471","4,054","291","20,020","7,856","10,148","1,995","21","18,525","4,873","11,323","2,059","270"
"105年/ 嘉義縣 / 40-44歲","36,209","7,533","23,231","4,945","500","18,991","4,653","11,518","2,758","62","17,218","2,880","11,713","2,187","438"
"105年/ 嘉義縣 / 45-49歲","39,596","5,574","27,397","5,733","892","21,637","3,528","14,609","3,368","132","17,959","2,046","12,788","2,365","760"
"105年/ 嘉義縣 / 50-54歲","43,673","4,270","31,411","6,201","1,791","24,460","2,915","17,453","3,810","282","19,213","1,355","13,958","2,391","1,509"
"105年/ 嘉義縣 / 55-59歲","41,139","2,777","30,546","5,060","2,756","22,758","1,997","17,180","3,143","438","18,381","780","13,366","1,917","2,318"
"105年/ 嘉義縣 / 60-64歲","35,301","1,483","26,566","3,366","3,886","18,854","974","15,086","2,169","625","16,447","509","11,480","1,197","3,261"
"105年/ 嘉義縣 / 65-69歲","27,039","712","20,152","1,512","4,663","13,643","453","11,423","968","799","13,396","259","8,729","544","3,864"
"105年/ 嘉義縣 / 70-74歲","18,509","349","12,870","554","4,736","8,694","211","7,206","394","883","9,815","138","5,664","160","3,853"
"105年/ 嘉義縣 / 75-79歲","19,850","243","12,310","278","7,019","8,898","124","7,022","188","1,564","10,952","119","5,288","90","5,455"
"105年/ 嘉義縣 / 80-84歲","14,842","161","7,103","149","7,429","6,226","74","4,127","90","1,935","8,616","87","2,976","59","5,494"
"105年/ 嘉義縣 / 85-89歲","8,566","119","2,838","75","5,534","3,342","53","1,812","44","1,433","5,224","66","1,026","31","4,101"
"105年/ 嘉義縣 / 90-94歲","2,761","45","549","25","2,142","991","28","411","18","534","1,770","17","138","7","1,608"
"105年/ 嘉義縣 / 95-99歲","609","12","63","3","531","190","6","58","1","125","419","6","5","2","406"
"105年/ 嘉義縣 / 100歲以上","58","5","4","2","47","18","4","4","2","8","40","1","-","-","39"
"105年/ 屏東縣 / 年齡別總計","742,006","253,604","361,632","65,622","61,148","378,749","143,738","187,422","35,037","12,552","363,257","109,866","174,210","30,585","48,596"
"105年/ 屏東縣 / 15-19歲","50,951","50,753","175","23","-","26,663","26,624","34","5","-","24,288","24,129","141","18","-"
"105年/ 屏東縣 / 20-24歲","60,562","57,660","2,495","404","3","31,598","30,597","857","144","-","28,964","27,063","1,638","260","3"
"105年/ 屏東縣 / 25-29歲","57,201","46,218","9,587","1,368","28","29,956","25,472","3,951","528","5","27,245","20,746","5,636","840","23"
"105年/ 屏東縣 / 30-34歲","59,337","32,200","23,195","3,753","189","31,139","19,289","10,314","1,517","19","28,198","12,911","12,881","2,236","170"
"105年/ 屏東縣 / 35-39歲","66,082","23,512","34,663","7,411","496","34,410","14,552","16,306","3,485","67","31,672","8,960","18,357","3,926","429"
"105年/ 屏東縣 / 40-44歲","61,048","13,976","36,876","9,318","878","31,481","8,553","17,897","4,926","105","29,567","5,423","18,979","4,392","773"
"105年/ 屏東縣 / 45-49歲","65,219","10,423","42,385","10,709","1,702","34,112","6,397","21,550","5,943","222","31,107","4,026","20,835","4,766","1,480"
"105年/ 屏東縣 / 50-54歲","69,478","7,740","47,591","11,052","3,095","36,349","5,027","24,677","6,194","451","33,129","2,713","22,914","4,858","2,644"
"105年/ 屏東縣 / 55-59歲","66,472","4,921","47,148","9,359","5,044","33,872","3,326","24,604","5,145","797","32,600","1,595","22,544","4,214","4,247"
"105年/ 屏東縣 / 60-64歲","58,640","2,834","41,915","6,554","7,337","29,224","1,847","22,534","3,668","1,175","29,416","987","19,381","2,886","6,162"
"105年/ 屏東縣 / 65-69歲","43,286","1,504","30,495","3,255","8,032","21,366","936","17,160","1,953","1,317","21,920","568","13,335","1,302","6,715"
"105年/ 屏東縣 / 70-74歲","27,283","675","18,114","1,208","7,286","12,975","432","10,378","785","1,380","14,308","243","7,736","423","5,906"
"105年/ 屏東縣 / 75-79歲","25,808","508","15,207","707","9,386","12,045","295","9,180","430","2,140","13,763","213","6,027","277","7,246"
"105年/ 屏東縣 / 80-84歲","17,326","284","7,918","283","8,841","7,626","145","5,040","177","2,264","9,700","139","2,878","106","6,577"
"105年/ 屏東縣 / 85-89歲","9,627","219","3,149","149","6,110","4,338","126","2,335","92","1,785","5,289","93","814","57","4,325"
"105年/ 屏東縣 / 90-94歲","3,040","119","639","62","2,220","1,330","74","536","42","678","1,710","45","103","20","1,542"
"105年/ 屏東縣 / 95-99歲","566","42","62","7","455","224","32","55","3","134","342","10","7","4","321"
"105年/ 屏東縣 / 100歲以上","80","16","18","-","46","41","14","14","-","13","39","2","4","-","33"
"105年/ 臺東縣 / 年齡別總計","193,476","68,261","86,879","20,745","17,591","99,906","40,511","45,498","10,764","3,133","93,570","27,750","41,381","9,981","14,458"
"105年/ 臺東縣 / 15-19歲","13,785","13,721","58","6","-","7,162","7,149","13","-","-","6,623","6,572","45","6","-"
"105年/ 臺東縣 / 20-24歲","15,473","14,571","785","115","2","8,031","7,712","278","41","-","7,442","6,859","507","74","2"
"105年/ 臺東縣 / 25-29歲","14,291","11,247","2,587","449","8","7,733","6,430","1,134","169","-","6,558","4,817","1,453","280","8"
"105年/ 臺東縣 / 30-34歲","15,212","8,220","5,821","1,121","50","8,056","4,991","2,589","472","4","7,156","3,229","3,232","649","46"
"105年/ 臺東縣 / 35-39歲","16,522","6,065","8,251","2,049","157","8,736","3,924","3,852","945","15","7,786","2,141","4,399","1,104","142"
"105年/ 臺東縣 / 40-44歲","16,783","4,409","9,345","2,753","276","8,885","2,962","4,508","1,385","30","7,898","1,447","4,837","1,368","246"
"105年/ 臺東縣 / 45-49歲","17,935","3,502","10,523","3,395","515","9,720","2,446","5,431","1,767","76","8,215","1,056","5,092","1,628","439"
"105年/ 臺東縣 / 50-54歲","18,513","2,700","11,241","3,602","970","10,077","2,060","5,976","1,906","135","8,436","640","5,265","1,696","835"
"105年/ 臺東縣 / 55-59歲","17,019","1,749","10,863","2,973","1,434","8,934","1,314","5,787","1,592","241","8,085","435","5,076","1,381","1,193"
"105年/ 臺東縣 / 60-64歲","14,883","986","9,784","2,006","2,107","7,365","720","5,237","1,126","282","7,518","266","4,547","880","1,825"
"105年/ 臺東縣 / 65-69歲","10,971","452","6,898","1,133","2,488","5,184","319","3,831","689","345","5,787","133","3,067","444","2,143"
"105年/ 臺東縣 / 70-74歲","7,107","191","4,277","491","2,148","3,257","149","2,496","278","334","3,850","42","1,781","213","1,814"
"105年/ 臺東縣 / 75-79歲","6,404","137","3,326","309","2,632","2,793","77","2,074","182","460","3,611","60","1,252","127","2,172"
"105年/ 臺東縣 / 80-84歲","4,442","85","1,886","143","2,328","1,924","58","1,272","72","522","2,518","27","614","71","1,806"
"105年/ 臺東縣 / 85-89歲","2,776","111","922","125","1,618","1,340","98","738","81","423","1,436","13","184","44","1,195"
"105年/ 臺東縣 / 90-94歲","1,095","82","275","60","678","569","71","248","46","204","526","11","27","14","474"
"105年/ 臺東縣 / 95-99歲","227","28","34","9","156","119","26","31","9","53","108","2","3","-","103"
"105年/ 臺東縣 / 100歲以上","38","5","3","6","24","21","5","3","4","9","17","-","-","2","15"
"105年/ 花蓮縣 / 年齡別總計","289,659","102,497","131,253","32,003","23,906","146,792","58,871","67,598","16,198","4,125","142,867","43,626","63,655","15,805","19,781"
"105年/ 花蓮縣 / 15-19歲","20,408","20,298","99","11","-","10,667","10,642","21","4","-","9,741","9,656","78","7","-"
"105年/ 花蓮縣 / 20-24歲","23,859","22,292","1,344","223","-","12,335","11,768","496","71","-","11,524","10,524","848","152","-"
"105年/ 花蓮縣 / 25-29歲","21,864","17,117","4,017","716","14","11,408","9,469","1,653","283","3","10,456","7,648","2,364","433","11"
"105年/ 花蓮縣 / 30-34歲","23,211","12,479","9,037","1,627","68","12,146","7,516","3,962","662","6","11,065","4,963","5,075","965","62"
"105年/ 花蓮縣 / 35-39歲","25,515","9,523","12,986","2,831","175","13,309","5,931","6,090","1,270","18","12,206","3,592","6,896","1,561","157"
"105年/ 花蓮縣 / 40-44歲","24,707","6,282","13,954","4,096","375","12,521","3,939","6,629","1,906","47","12,186","2,343","7,325","2,190","328"
"105年/ 花蓮縣 / 45-49歲","25,870","4,688","15,503","5,001","678","13,455","3,008","7,812","2,536","99","12,415","1,680","7,691","2,465","579"
"105年/ 花蓮縣 / 50-54歲","26,444","3,628","16,280","5,315","1,221","13,762","2,381","8,429","2,768","184","12,682","1,247","7,851","2,547","1,037"
"105年/ 花蓮縣 / 55-59歲","26,013","2,506","16,585","4,907","2,015","13,027","1,683","8,478","2,528","338","12,986","823","8,107","2,379","1,677"
"105年/ 花蓮縣 / 60-64歲","23,119","1,622","15,054","3,627","2,816","11,542","1,083","8,078","1,997","384","11,577","539","6,976","1,630","2,432"
"105年/ 花蓮縣 / 65-69歲","16,593","888","10,518","1,887","3,300","7,979","582","5,882","1,089","426","8,614","306","4,636","798","2,874"
"105年/ 花蓮縣 / 70-74歲","10,727","416","6,359","846","3,106","4,859","281","3,621","510","447","5,868","135","2,738","336","2,659"
"105年/ 花蓮縣 / 75-79歲","9,072","256","4,835","429","3,552","4,018","187","2,969","251","611","5,054","69","1,866","178","2,941"
"105年/ 花蓮縣 / 80-84歲","6,281","176","2,712","245","3,148","2,707","117","1,807","153","630","3,574","59","905","92","2,518"
"105年/ 花蓮縣 / 85-89歲","3,955","160","1,417","170","2,208","1,990","142","1,163","116","569","1,965","18","254","54","1,639"
"105年/ 花蓮縣 / 90-94歲","1,612","115","469","58","970","849","95","430","45","279","763","20","39","13","691"
"105年/ 花蓮縣 / 95-99歲","344","37","73","12","222","176","35","68","7","66","168","2","5","5","156"
"105年/ 花蓮縣 / 100歲以上","65","14","11","2","38","42","12","10","2","18","23","2","1","-","20"
"105年/ 澎湖縣 / 年齡別總計","91,777","32,169","45,142","7,439","7,027","47,159","18,349","23,425","3,959","1,426","44,618","13,820","21,717","3,480","5,601"
"105年/ 澎湖縣 / 15-19歲","6,369","6,357","12","-","-","3,360","3,359","1","-","-","3,009","2,998","11","-","-"
"105年/ 澎湖縣 / 20-24歲","8,402","8,088","285","29","-","4,586","4,492","86","8","-","3,816","3,596","199","21","-"
"105年/ 澎湖縣 / 25-29歲","7,459","5,933","1,387","136","3","3,952","3,382","520","50","-","3,507","2,551","867","86","3"
"105年/ 澎湖縣 / 30-34歲","7,944","3,844","3,716","362","22","4,052","2,328","1,586","137","1","3,892","1,516","2,130","225","21"
"105年/ 澎湖縣 / 35-39歲","8,455","2,730","4,928","748","49","4,248","1,663","2,252","330","3","4,207","1,067","2,676","418","46"
"105年/ 澎湖縣 / 40-44歲","7,777","1,695","4,860","1,138","84","3,983","1,021","2,414","541","7","3,794","674","2,446","597","77"
"105年/ 澎湖縣 / 45-49歲","7,790","1,198","5,114","1,318","160","4,169","710","2,716","727","16","3,621","488","2,398","591","144"
"105年/ 澎湖縣 / 50-54歲","8,033","986","5,519","1,241","287","4,301","595","2,967","693","46","3,732","391","2,552","548","241"
"105年/ 澎湖縣 / 55-59歲","7,577","655","5,356","1,103","463","4,011","408","2,911","616","76","3,566","247","2,445","487","387"
"105年/ 澎湖縣 / 60-64歲","6,392","309","4,642","769","672","3,301","184","2,536","474","107","3,091","125","2,106","295","565"
"105年/ 澎湖縣 / 65-69歲","4,663","150","3,419","338","756","2,278","79","1,875","200","124","2,385","71","1,544","138","632"
"105年/ 澎湖縣 / 70-74歲","3,132","86","2,152","130","764","1,492","48","1,209","98","137","1,640","38","943","32","627"
"105年/ 澎湖縣 / 75-79歲","2,917","52","1,789","62","1,014","1,357","31","1,069","46","211","1,560","21","720","16","803"
"105年/ 澎湖縣 / 80-84歲","2,561","38","1,247","38","1,238","1,106","24","771","23","288","1,455","14","476","15","950"
"105年/ 澎湖縣 / 85-89歲","1,569","34","557","22","956","692","17","392","15","268","877","17","165","7","688"
"105年/ 澎湖縣 / 90-94歲","588","11","137","2","438","220","6","101","-","113","368","5","36","2","325"
"105年/ 澎湖縣 / 95-99歲","139","3","22","3","111","50","2","19","1","28","89","1","3","2","83"
"105年/ 澎湖縣 / 100歲以上","10","-","-","-","10","1","-","-","-","1","9","-","-","-","9"
"105年/ 基隆市 / 年齡別總計","331,592","119,451","154,718","34,509","22,914","165,425","65,921","78,923","16,701","3,880","166,167","53,530","75,795","17,808","19,034"
"105年/ 基隆市 / 15-19歲","22,639","22,574","52","13","-","11,750","11,738","11","1","-","10,889","10,836","41","12","-"
"105年/ 基隆市 / 20-24歲","26,783","25,852","757","173","1","14,017","13,686","270","60","1","12,766","12,166","487","113","-"
"105年/ 基隆市 / 25-29歲","26,052","22,119","3,357","572","4","13,775","12,248","1,321","205","1","12,277","9,871","2,036","367","3"
"105年/ 基隆市 / 30-34歲","25,078","14,620","8,898","1,508","52","12,976","8,553","3,877","539","7","12,102","6,067","5,021","969","45"
"105年/ 基隆市 / 35-39歲","28,301","10,533","14,642","2,995","131","14,191","6,269","6,678","1,232","12","14,110","4,264","7,964","1,763","119"
"105年/ 基隆市 / 40-44歲","28,205","7,116","16,481","4,327","281","14,173","4,171","8,009","1,960","33","14,032","2,945","8,472","2,367","248"
"105年/ 基隆市 / 45-49歲","30,657","5,505","18,999","5,627","526","15,386","3,128","9,313","2,845","100","15,271","2,377","9,686","2,782","426"
"105年/ 基隆市 / 50-54歲","32,585","4,375","21,223","5,991","996","16,335","2,479","10,700","2,987","169","16,250","1,896","10,523","3,004","827"
"105年/ 基隆市 / 55-59歲","31,592","3,079","21,351","5,510","1,652","15,686","1,766","10,904","2,758","258","15,906","1,313","10,447","2,752","1,394"
"105年/ 基隆市 / 60-64歲","27,751","1,861","19,223","3,995","2,672","13,432","966","10,056","1,996","414","14,319","895","9,167","1,999","2,258"
"105年/ 基隆市 / 65-69歲","19,206","905","12,963","2,112","3,226","9,200","414","7,175","1,153","458","10,006","491","5,788","959","2,768"
"105年/ 基隆市 / 70-74歲","10,377","258","6,570","738","2,811","4,713","124","3,747","424","418","5,664","134","2,823","314","2,393"
"105年/ 基隆市 / 75-79歲","10,071","244","5,381","511","3,935","4,282","129","3,300","275","578","5,789","115","2,081","236","3,357"
"105年/ 基隆市 / 80-84歲","6,306","126","2,803","238","3,139","2,654","59","1,876","136","583","3,652","67","927","102","2,556"
"105年/ 基隆市 / 85-89歲","3,943","157","1,436","132","2,218","1,849","105","1,166","83","495","2,094","52","270","49","1,723"
"105年/ 基隆市 / 90-94歲","1,616","93","468","56","999","797","62","417","38","280","819","31","51","18","719"
"105年/ 基隆市 / 95-99歲","351","25","94","9","223","166","18","86","7","55","185","7","8","2","168"
"105年/ 基隆市 / 100歲以上","79","9","20","2","48","43","6","17","2","18","36","3","3","-","30"
"105年/ 新竹市 / 年齡別總計","361,054","120,049","193,362","27,325","20,318","176,444","64,970","95,399","12,537","3,538","184,610","55,079","97,963","14,788","16,780"
"105年/ 新竹市 / 15-19歲","27,841","27,796","42","3","-","14,498","14,487","10","1","-","13,343","13,309","32","2","-"
"105年/ 新竹市 / 20-24歲","27,968","27,014","804","148","2","14,379","14,079","254","46","-","13,589","12,935","550","102","2"
"105年/ 新竹市 / 25-29歲","27,133","21,710","4,911","503","9","13,961","12,030","1,737","194","-","13,172","9,680","3,174","309","9"
"105年/ 新竹市 / 30-34歲","33,020","14,550","16,864","1,552","54","16,050","8,726","6,763","559","2","16,970","5,824","10,101","993","52"
"105年/ 新竹市 / 35-39歲","42,331","10,190","28,859","3,146","136","20,222","6,085","12,766","1,353","18","22,109","4,105","16,093","1,793","118"
"105年/ 新竹市 / 40-44歲","37,377","6,177","26,885","4,023","292","18,312","3,349","13,088","1,826","49","19,065","2,828","13,797","2,197","243"
"105年/ 新竹市 / 45-49歲","34,376","4,378","24,899","4,573","526","16,956","2,302","12,422","2,150","82","17,420","2,076","12,477","2,423","444"
"105年/ 新竹市 / 50-54歲","31,412","3,045","23,008","4,455","904","15,703","1,577","11,838","2,157","131","15,709","1,468","11,170","2,298","773"
"105年/ 新竹市 / 55-59歲","27,534","2,091","20,272","3,723","1,448","13,432","999","10,532","1,685","216","14,102","1,092","9,740","2,038","1,232"
"105年/ 新竹市 / 60-64歲","23,921","1,309","17,655","2,744","2,213","11,361","523","9,206","1,319","313","12,560","786","8,449","1,425","1,900"
"105年/ 新竹市 / 65-69歲","16,964","770","12,182","1,353","2,659","7,895","290","6,519","675","411","9,069","480","5,663","678","2,248"
"105年/ 新竹市 / 70-74歲","10,432","284","6,965","557","2,626","4,585","107","3,826","267","385","5,847","177","3,139","290","2,241"
"105年/ 新竹市 / 75-79歲","8,729","226","5,049","273","3,181","3,606","74","2,871","158","503","5,123","152","2,178","115","2,678"
"105年/ 新竹市 / 80-84歲","5,827","140","2,799","135","2,753","2,442","66","1,766","58","552","3,385","74","1,033","77","2,201"
"105年/ 新竹市 / 85-89歲","3,996","177","1,540","93","2,186","1,935","128","1,238","63","506","2,061","49","302","30","1,680"
"105年/ 新竹市 / 90-94歲","1,751","149","533","34","1,035","903","116","477","23","287","848","33","56","11","748"
"105年/ 新竹市 / 95-99歲","380","35","79","7","259","174","26","71","1","76","206","9","8","6","183"
"105年/ 新竹市 / 100歲以上","62","8","16","3","35","30","6","15","2","7","32","2","1","1","28"
"105年/ 嘉義市 / 年齡別總計","231,286","83,598","112,461","19,613","15,614","111,244","44,565","55,144","8,588","2,947","120,042","39,033","57,317","11,025","12,667"
"105年/ 嘉義市 / 15-19歲","19,007","18,982","23","2","-","9,903","9,899","4","-","-","9,104","9,083","19","2","-"
"105年/ 嘉義市 / 20-24歲","19,233","18,675","489","68","1","9,925","9,763","137","25","-","9,308","8,912","352","43","1"
"105年/ 嘉義市 / 25-29歲","17,702","14,702","2,624","372","4","9,138","8,014","983","141","-","8,564","6,688","1,641","231","4"
"105年/ 嘉義市 / 30-34歲","18,904","10,020","7,822","1,027","35","9,265","5,708","3,184","369","4","9,639","4,312","4,638","658","31"
"105年/ 嘉義市 / 35-39歲","21,492","6,962","12,271","2,153","106","10,176","3,971","5,345","847","13","11,316","2,991","6,926","1,306","93"
"105年/ 嘉義市 / 40-44歲","20,559","4,404","13,203","2,766","186","9,377","2,322","5,917","1,114","24","11,182","2,082","7,286","1,652","162"
"105年/ 嘉義市 / 45-49歲","20,921","3,252","14,099","3,199","371","9,863","1,654","6,735","1,420","54","11,058","1,598","7,364","1,779","317"
"105年/ 嘉義市 / 50-54歲","21,163","2,543","14,501","3,429","690","10,200","1,345","7,223","1,518","114","10,963","1,198","7,278","1,911","576"
"105年/ 嘉義市 / 55-59歲","19,087","1,701","13,529","2,838","1,019","9,201","892","6,831","1,318","160","9,886","809","6,698","1,520","859"
"105年/ 嘉義市 / 60-64歲","16,950","1,089","12,151","2,038","1,672","8,180","498","6,435","979","268","8,770","591","5,716","1,059","1,404"
"105年/ 嘉義市 / 65-69歲","12,484","614","8,870","1,010","1,990","5,708","238","4,680","497","293","6,776","376","4,190","513","1,697"
"105年/ 嘉義市 / 70-74歲","7,786","246","5,132","372","2,036","3,436","81","2,837","187","331","4,350","165","2,295","185","1,705"
"105年/ 嘉義市 / 75-79歲","7,013","182","4,118","157","2,556","2,987","74","2,360","80","473","4,026","108","1,758","77","2,083"
"105年/ 嘉義市 / 80-84歲","4,851","115","2,213","112","2,411","2,012","42","1,374","49","547","2,839","73","839","63","1,864"
"105年/ 嘉義市 / 85-89歲","2,849","60","1,061","52","1,676","1,264","27","792","28","417","1,585","33","269","24","1,259"
"105年/ 嘉義市 / 90-94歲","1,038","36","300","15","687","500","26","259","14","201","538","10","41","1","486"
"105年/ 嘉義市 / 95-99歲","214","11","49","2","152","92","7","43","1","41","122","4","6","1","111"
"105年/ 嘉義市 / 100歲以上","33","4","6","1","22","17","4","5","1","7","16","-","1","-","15"
"105年/ 金門縣 / 年齡別總計","121,440","39,698","66,403","8,513","6,826","60,427","20,807","34,153","4,417","1,050","61,013","18,891","32,250","4,096","5,776"
"105年/ 金門縣 / 15-19歲","7,256","7,227","28","1","-","3,654","3,649","5","-","-","3,602","3,578","23","1","-"
"105年/ 金門縣 / 20-24歲","11,919","11,564","320","35","-","5,825","5,724","90","11","-","6,094","5,840","230","24","-"
"105年/ 金門縣 / 25-29歲","10,667","8,481","2,052","131","3","5,332","4,530","747","55","-","5,335","3,951","1,305","76","3"
"105年/ 金門縣 / 30-34歲","10,409","4,806","5,243","345","15","5,127","2,755","2,233","138","1","5,282","2,051","3,010","207","14"
"105年/ 金門縣 / 35-39歲","10,117","2,647","6,796","642","32","4,804","1,476","3,077","245","6","5,313","1,171","3,719","397","26"
"105年/ 金門縣 / 40-44歲","9,702","1,684","6,891","1,052","75","4,843","944","3,414","476","9","4,859","740","3,477","576","66"
"105年/ 金門縣 / 45-49歲","10,792","1,262","7,988","1,395","147","5,541","661","4,118","736","26","5,251","601","3,870","659","121"
"105年/ 金門縣 / 50-54歲","12,691","889","9,794","1,666","342","6,320","448","4,974","861","37","6,371","441","4,820","805","305"
"105年/ 金門縣 / 55-59歲","12,321","574","9,673","1,494","580","6,421","307","5,204","815","95","5,900","267","4,469","679","485"
"105年/ 金門縣 / 60-64歲","9,797","295","7,518","1,081","903","5,009","142","4,121","624","122","4,788","153","3,397","457","781"
"105年/ 金門縣 / 65-69歲","5,364","112","4,062","402","788","2,722","61","2,288","272","101","2,642","51","1,774","130","687"
"105年/ 金門縣 / 70-74歲","3,389","51","2,443","148","747","1,725","37","1,486","105","97","1,664","14","957","43","650"
"105年/ 金門縣 / 75-79歲","2,965","30","1,929","66","940","1,478","23","1,256","42","157","1,487","7","673","24","783"
"105年/ 金門縣 / 80-84歲","2,149","33","1,093","35","988","1,019","27","767","22","203","1,130","6","326","13","785"
"105年/ 金門縣 / 85-89歲","1,146","21","409","14","702","402","14","263","10","115","744","7","146","4","587"
"105年/ 金門縣 / 90-94歲","534","17","116","6","395","141","6","77","5","53","393","11","39","1","342"
"105年/ 金門縣 / 95-99歲","176","3","43","-","130","54","1","30","-","23","122","2","13","-","107"
"105年/ 金門縣 / 100歲以上","46","2","5","-","39","10","2","3","-","5","36","-","2","-","34"

